"show","week","year","atlas_text","fauci_text"
"Americas_Choice_2020_Democratic_National_Convention",33,2020,0,0
"Americas_Choice_2020_Democratic_National_Convention",34,2020,0,0
"Americas_Choice_2020_Republican_National_Convention",34,2020,0,0
"Americas_Choice_2020_Republican_National_Convention",35,2020,0,0
"Americas_Choice_2020_Super_Tuesday",10,2020,0,8
"Americas_Choice_2020_Super_Tuesday",11,2020,0,1
"Anderson_Cooper_360",10,2020,0,2
"Anderson_Cooper_360",11,2020,0,1
"Anderson_Cooper_360",12,2020,0,12
"Anderson_Cooper_360",13,2020,0,7
"Anderson_Cooper_360",14,2020,0,2
"Anderson_Cooper_360",16,2020,0,2
"Anderson_Cooper_360",17,2020,0,7
"Anderson_Cooper_360",20,2020,0,13
"Anderson_Cooper_360",22,2020,0,0
"Anderson_Cooper_360",24,2020,0,0
"Anderson_Cooper_360",27,2020,0,3
"Anderson_Cooper_360",28,2020,0,11
"Anderson_Cooper_360",30,2020,0,12
"Anderson_Cooper_360",31,2020,0,5
"Anderson_Cooper_360",32,2020,0,4
"Anderson_Cooper_360",33,2020,5,9
"Anderson_Cooper_360",34,2020,0,1
"Anderson_Cooper_360",36,2020,0,3
"Anderson_Cooper_360",37,2020,0,0
"Anderson_Cooper_360",38,2020,0,1
"Anderson_Cooper_360",39,2020,1,2
"Anderson_Cooper_360",40,2020,0,0
"Anderson_Cooper_360",41,2020,0,0
"Anderson_Cooper_360",43,2020,1,0
"Anderson_Cooper_360",44,2020,0,0
"Anderson_Cooper_360",46,2020,6,0
"Anderson_Cooper_360",47,2020,0,0
"Anderson_Cooper_360",48,2020,8,0
"Anderson_Cooper_360",49,2020,0,1
"Anderson_Cooper_360",50,2020,0,0
"At_This_Hour_With_Kate_Bolduan",9,2020,0,4
"At_This_Hour_With_Kate_Bolduan",10,2020,0,0
"At_This_Hour_With_Kate_Bolduan",11,2020,0,0
"At_This_Hour_With_Kate_Bolduan",33,2020,0,0
"At_This_Hour_With_Kate_Bolduan",34,2020,0,3
"CNN_Debate_Post_Analysis",11,2020,0,0
"CNN_Newsroom",12,2020,0,0
"CNN_Newsroom",13,2020,0,2
"CNN_Newsroom",14,2020,0,1
"CNN_Newsroom",15,2020,0,2
"CNN_Newsroom",16,2020,0,0
"CNN_Newsroom",17,2020,1,4
"CNN_Newsroom",18,2020,0,28
"CNN_Newsroom",20,2020,0,1
"CNN_Newsroom",21,2020,0,1
"CNN_Newsroom",22,2020,0,0
"CNN_Newsroom",23,2020,0,0
"CNN_Newsroom",24,2020,0,0
"CNN_Newsroom",25,2020,0,12
"CNN_Newsroom",26,2020,0,16
"CNN_Newsroom",27,2020,0,5
"CNN_Newsroom",28,2020,0,23
"CNN_Newsroom",29,2020,0,33
"CNN_Newsroom",30,2020,0,2
"CNN_Newsroom",31,2020,0,9
"CNN_Newsroom",32,2020,0,13
"CNN_Newsroom",33,2020,3,15
"CNN_Newsroom",34,2020,0,9
"CNN_Newsroom",35,2020,3,11
"CNN_Newsroom",36,2020,3,21
"CNN_Newsroom",37,2020,1,9
"CNN_Newsroom",38,2020,0,17
"CNN_Newsroom",39,2020,19,15
"CNN_Newsroom",40,2020,3,3
"CNN_Newsroom",41,2020,0,8
"CNN_Newsroom",42,2020,15,74
"CNN_Newsroom",43,2020,1,13
"CNN_Newsroom",44,2020,0,1
"CNN_Newsroom",46,2020,7,8
"CNN_Newsroom",47,2020,1,3
"CNN_Newsroom",48,2020,0,1
"CNN_Newsroom",49,2020,0,17
"CNN_Newsroom",50,2020,0,4
"CNN_Newsroom",51,2020,0,3
"CNN_Newsroom",52,2020,0,5
"CNN_Newsroom",53,2020,0,0
"CNN_Newsroom_Live",10,2020,0,0
"CNN_Newsroom_Live",11,2020,0,0
"CNN_Newsroom_Live",12,2020,0,3
"CNN_Newsroom_Live",13,2020,0,17
"CNN_Newsroom_Live",14,2020,0,4
"CNN_Newsroom_Live",15,2020,0,1
"CNN_Newsroom_Live",16,2020,0,0
"CNN_Newsroom_Live",17,2020,0,11
"CNN_Newsroom_Live",18,2020,0,0
"CNN_Newsroom_Live",19,2020,0,10
"CNN_Newsroom_Live",20,2020,0,12
"CNN_Newsroom_Live",21,2020,0,1
"CNN_Newsroom_Live",22,2020,0,0
"CNN_Newsroom_Live",23,2020,0,0
"CNN_Newsroom_Live",24,2020,0,7
"CNN_Newsroom_Live",25,2020,0,2
"CNN_Newsroom_Live",26,2020,0,8
"CNN_Newsroom_Live",27,2020,0,2
"CNN_Newsroom_Live",28,2020,0,54
"CNN_Newsroom_Live",29,2020,0,18
"CNN_Newsroom_Live",30,2020,0,11
"CNN_Newsroom_Live",31,2020,0,6
"CNN_Newsroom_Live",32,2020,0,1
"CNN_Newsroom_Live",33,2020,0,2
"CNN_Newsroom_Live",34,2020,0,1
"CNN_Newsroom_Live",35,2020,2,0
"CNN_Newsroom_Live",36,2020,2,8
"CNN_Newsroom_Live",37,2020,0,1
"CNN_Newsroom_Live",38,2020,0,6
"CNN_Newsroom_Live",39,2020,0,6
"CNN_Newsroom_Live",40,2020,0,1
"CNN_Newsroom_Live",41,2020,0,28
"CNN_Newsroom_Live",42,2020,1,18
"CNN_Newsroom_Live",43,2020,1,4
"CNN_Newsroom_Live",44,2020,0,0
"CNN_Newsroom_Live",45,2020,0,0
"CNN_Newsroom_Live",46,2020,6,4
"CNN_Newsroom_Live",47,2020,0,2
"CNN_Newsroom_Live",48,2020,0,1
"CNN_Newsroom_Live",49,2020,0,5
"CNN_Newsroom_Live",50,2020,0,1
"CNN_Newsroom_Live",51,2020,0,6
"CNN_Newsroom_Live",52,2020,0,12
"CNN_Newsroom_Live",53,2020,0,0
"CNN_Newsroom_With_Ana_Cabrera",10,2020,0,0
"CNN_Newsroom_With_Ana_Cabrera",11,2020,0,0
"CNN_Newsroom_With_Ana_Cabrera",12,2020,0,0
"CNN_Newsroom_With_Ana_Cabrera",13,2020,0,0
"CNN_Newsroom_With_Ana_Cabrera",14,2020,0,0
"CNN_Newsroom_With_Ana_Cabrera",16,2020,0,1
"CNN_Newsroom_With_Ana_Cabrera",17,2020,0,0
"CNN_Newsroom_With_Ana_Cabrera",18,2020,0,4
"CNN_Newsroom_With_Ana_Cabrera",19,2020,0,0
"CNN_Newsroom_With_Ana_Cabrera",20,2020,0,1
"CNN_Newsroom_With_Ana_Cabrera",21,2020,0,1
"CNN_Newsroom_With_Ana_Cabrera",24,2020,0,0
"CNN_Newsroom_With_Ana_Cabrera",26,2020,0,3
"CNN_Newsroom_With_Ana_Cabrera",28,2020,0,1
"CNN_Newsroom_With_Ana_Cabrera",29,2020,0,2
"CNN_Newsroom_With_Ana_Cabrera",30,2020,0,18
"CNN_Newsroom_With_Ana_Cabrera",31,2020,0,4
"CNN_Newsroom_With_Ana_Cabrera",33,2020,3,2
"CNN_Newsroom_With_Ana_Cabrera",34,2020,0,0
"CNN_Newsroom_With_Ana_Cabrera",35,2020,0,0
"CNN_Newsroom_With_Ana_Cabrera",36,2020,0,0
"CNN_Newsroom_With_Ana_Cabrera",37,2020,0,3
"CNN_Newsroom_With_Ana_Cabrera",39,2020,0,2
"CNN_Newsroom_With_Ana_Cabrera",40,2020,0,0
"CNN_Newsroom_With_Ana_Cabrera",41,2020,0,18
"CNN_Newsroom_With_Ana_Cabrera",42,2020,3,0
"CNN_Newsroom_With_Ana_Cabrera",43,2020,0,2
"CNN_Newsroom_With_Ana_Cabrera",45,2020,0,0
"CNN_Newsroom_With_Ana_Cabrera",46,2020,0,1
"CNN_Newsroom_With_Ana_Cabrera",47,2020,0,0
"CNN_Newsroom_With_Ana_Cabrera",48,2020,0,1
"CNN_Newsroom_With_Ana_Cabrera",50,2020,0,0
"CNN_Newsroom_With_Ana_Cabrera",51,2020,0,5
"CNN_Newsroom_With_Ana_Cabrera",52,2020,0,1
"CNN_Newsroom_With_Brooke_Baldwin",9,2020,0,1
"CNN_Newsroom_With_Brooke_Baldwin",11,2020,0,2
"CNN_Newsroom_With_Brooke_Baldwin",12,2020,0,0
"CNN_Newsroom_With_Brooke_Baldwin",13,2020,0,3
"CNN_Newsroom_With_Brooke_Baldwin",14,2020,0,0
"CNN_Newsroom_With_Brooke_Baldwin",15,2020,0,5
"CNN_Newsroom_With_Brooke_Baldwin",17,2020,0,1
"CNN_Newsroom_With_Brooke_Baldwin",19,2020,0,1
"CNN_Newsroom_With_Brooke_Baldwin",21,2020,0,1
"CNN_Newsroom_With_Brooke_Baldwin",22,2020,0,0
"CNN_Newsroom_With_Brooke_Baldwin",24,2020,0,2
"CNN_Newsroom_With_Brooke_Baldwin",25,2020,0,0
"CNN_Newsroom_With_Brooke_Baldwin",26,2020,0,3
"CNN_Newsroom_With_Brooke_Baldwin",27,2020,0,4
"CNN_Newsroom_With_Brooke_Baldwin",28,2020,0,4
"CNN_Newsroom_With_Brooke_Baldwin",29,2020,0,6
"CNN_Newsroom_With_Brooke_Baldwin",30,2020,0,6
"CNN_Newsroom_With_Brooke_Baldwin",31,2020,0,8
"CNN_Newsroom_With_Brooke_Baldwin",32,2020,0,4
"CNN_Newsroom_With_Brooke_Baldwin",35,2020,0,3
"CNN_Newsroom_With_Brooke_Baldwin",36,2020,0,6
"CNN_Newsroom_With_Brooke_Baldwin",37,2020,0,2
"CNN_Newsroom_With_Brooke_Baldwin",38,2020,0,0
"CNN_Newsroom_With_Brooke_Baldwin",45,2020,0,1
"CNN_Newsroom_With_Brooke_Baldwin",46,2020,0,0
"CNN_Newsroom_With_Brooke_Baldwin",47,2020,0,0
"CNN_Newsroom_With_Brooke_Baldwin",48,2020,0,0
"CNN_Newsroom_With_Brooke_Baldwin",49,2020,0,2
"CNN_Newsroom_With_Brooke_Baldwin",51,2020,0,1
"CNN_Newsroom_With_Brooke_Baldwin",52,2020,0,6
"CNN_Newsroom_With_Brooke_Baldwin",53,2020,0,0
"CNN_Newsroom_With_Fredricka_Whitfield",10,2020,0,0
"CNN_Newsroom_With_Fredricka_Whitfield",12,2020,0,0
"CNN_Newsroom_With_Fredricka_Whitfield",13,2020,0,0
"CNN_Newsroom_With_Fredricka_Whitfield",14,2020,0,0
"CNN_Newsroom_With_Fredricka_Whitfield",15,2020,0,1
"CNN_Newsroom_With_Fredricka_Whitfield",17,2020,0,0
"CNN_Newsroom_With_Fredricka_Whitfield",18,2020,0,0
"CNN_Newsroom_With_Fredricka_Whitfield",19,2020,0,4
"CNN_Newsroom_With_Fredricka_Whitfield",20,2020,0,1
"CNN_Newsroom_With_Fredricka_Whitfield",21,2020,0,1
"CNN_Newsroom_With_Fredricka_Whitfield",23,2020,0,0
"CNN_Newsroom_With_Fredricka_Whitfield",24,2020,0,4
"CNN_Newsroom_With_Fredricka_Whitfield",25,2020,0,0
"CNN_Newsroom_With_Fredricka_Whitfield",26,2020,0,0
"CNN_Newsroom_With_Fredricka_Whitfield",27,2020,0,0
"CNN_Newsroom_With_Fredricka_Whitfield",28,2020,0,1
"CNN_Newsroom_With_Fredricka_Whitfield",29,2020,0,6
"CNN_Newsroom_With_Fredricka_Whitfield",30,2020,0,8
"CNN_Newsroom_With_Fredricka_Whitfield",31,2020,0,0
"CNN_Newsroom_With_Fredricka_Whitfield",32,2020,0,0
"CNN_Newsroom_With_Fredricka_Whitfield",33,2020,0,4
"CNN_Newsroom_With_Fredricka_Whitfield",34,2020,0,0
"CNN_Newsroom_With_Fredricka_Whitfield",35,2020,0,0
"CNN_Newsroom_With_Fredricka_Whitfield",36,2020,2,4
"CNN_Newsroom_With_Fredricka_Whitfield",37,2020,1,5
"CNN_Newsroom_With_Fredricka_Whitfield",38,2020,0,1
"CNN_Newsroom_With_Fredricka_Whitfield",39,2020,0,1
"CNN_Newsroom_With_Fredricka_Whitfield",40,2020,0,0
"CNN_Newsroom_With_Fredricka_Whitfield",41,2020,0,1
"CNN_Newsroom_With_Fredricka_Whitfield",42,2020,0,5
"CNN_Newsroom_With_Fredricka_Whitfield",43,2020,0,4
"CNN_Newsroom_With_Fredricka_Whitfield",45,2020,0,1
"CNN_Newsroom_With_Fredricka_Whitfield",46,2020,0,1
"CNN_Newsroom_With_Fredricka_Whitfield",47,2020,0,2
"CNN_Newsroom_With_Fredricka_Whitfield",48,2020,0,2
"CNN_Newsroom_With_Fredricka_Whitfield",49,2020,0,0
"CNN_Newsroom_With_Fredricka_Whitfield",50,2020,0,1
"CNN_Newsroom_With_Fredricka_Whitfield",51,2020,0,0
"CNN_Newsroom_With_Fredricka_Whitfield",52,2020,0,2
"CNN_Newsroom_With_Poppy_Harlow_and_Jim_Sciutto",11,2020,0,0
"CNN_Newsroom_With_Poppy_Harlow_and_Jim_Sciutto",12,2020,0,0
"CNN_Newsroom_With_Poppy_Harlow_and_Jim_Sciutto",13,2020,0,5
"CNN_Newsroom_With_Poppy_Harlow_and_Jim_Sciutto",14,2020,0,1
"CNN_Newsroom_With_Poppy_Harlow_and_Jim_Sciutto",15,2020,0,1
"CNN_Newsroom_With_Poppy_Harlow_and_Jim_Sciutto",16,2020,0,1
"CNN_Newsroom_With_Poppy_Harlow_and_Jim_Sciutto",17,2020,0,0
"CNN_Newsroom_With_Poppy_Harlow_and_Jim_Sciutto",18,2020,0,3
"CNN_Newsroom_With_Poppy_Harlow_and_Jim_Sciutto",20,2020,0,4
"CNN_Newsroom_With_Poppy_Harlow_and_Jim_Sciutto",21,2020,0,0
"CNN_Newsroom_With_Poppy_Harlow_and_Jim_Sciutto",22,2020,0,0
"CNN_Newsroom_With_Poppy_Harlow_and_Jim_Sciutto",23,2020,0,1
"CNN_Newsroom_With_Poppy_Harlow_and_Jim_Sciutto",24,2020,0,3
"CNN_Newsroom_With_Poppy_Harlow_and_Jim_Sciutto",25,2020,0,6
"CNN_Newsroom_With_Poppy_Harlow_and_Jim_Sciutto",26,2020,0,3
"CNN_Newsroom_With_Poppy_Harlow_and_Jim_Sciutto",27,2020,0,2
"CNN_Newsroom_With_Poppy_Harlow_and_Jim_Sciutto",28,2020,0,9
"CNN_Newsroom_With_Poppy_Harlow_and_Jim_Sciutto",29,2020,0,7
"CNN_Newsroom_With_Poppy_Harlow_and_Jim_Sciutto",30,2020,0,7
"CNN_Newsroom_With_Poppy_Harlow_and_Jim_Sciutto",31,2020,0,10
"CNN_Newsroom_With_Poppy_Harlow_and_Jim_Sciutto",32,2020,0,0
"CNN_Newsroom_With_Poppy_Harlow_and_Jim_Sciutto",33,2020,0,0
"CNN_Newsroom_With_Poppy_Harlow_and_Jim_Sciutto",34,2020,0,6
"CNN_Newsroom_With_Poppy_Harlow_and_Jim_Sciutto",35,2020,0,5
"CNN_Newsroom_With_Poppy_Harlow_and_Jim_Sciutto",36,2020,1,6
"CNN_Newsroom_With_Poppy_Harlow_and_Jim_Sciutto",37,2020,0,0
"CNN_Newsroom_With_Poppy_Harlow_and_Jim_Sciutto",38,2020,0,1
"CNN_Newsroom_With_Poppy_Harlow_and_Jim_Sciutto",39,2020,1,2
"CNN_Newsroom_With_Poppy_Harlow_and_Jim_Sciutto",40,2020,0,0
"CNN_Newsroom_With_Poppy_Harlow_and_Jim_Sciutto",41,2020,0,6
"CNN_Newsroom_With_Poppy_Harlow_and_Jim_Sciutto",42,2020,3,4
"CNN_Newsroom_With_Poppy_Harlow_and_Jim_Sciutto",43,2020,3,3
"CNN_Newsroom_With_Poppy_Harlow_and_Jim_Sciutto",45,2020,0,1
"CNN_Newsroom_With_Poppy_Harlow_and_Jim_Sciutto",46,2020,0,4
"CNN_Newsroom_With_Poppy_Harlow_and_Jim_Sciutto",47,2020,0,0
"CNN_Newsroom_With_Poppy_Harlow_and_Jim_Sciutto",48,2020,0,0
"CNN_Newsroom_With_Poppy_Harlow_and_Jim_Sciutto",49,2020,0,3
"CNN_Newsroom_With_Poppy_Harlow_and_Jim_Sciutto",50,2020,0,0
"CNN_Newsroom_With_Poppy_Harlow_and_Jim_Sciutto",51,2020,0,7
"CNN_Newsroom_With_Poppy_Harlow_and_Jim_Sciutto",52,2020,0,6
"CNN_Newsroom_With_Poppy_Harlow_and_Jim_Sciutto",53,2020,0,0
"CNN_Newsroom_With_Victor_Blackwell_and_Christi_Paul",10,2020,0,0
"CNN_Newsroom_With_Victor_Blackwell_and_Christi_Paul",11,2020,0,0
"CNN_Newsroom_With_Victor_Blackwell_and_Christi_Paul",12,2020,0,0
"CNN_Newsroom_With_Victor_Blackwell_and_Christi_Paul",14,2020,0,0
"CNN_Newsroom_With_Victor_Blackwell_and_Christi_Paul",15,2020,0,1
"CNN_Newsroom_With_Victor_Blackwell_and_Christi_Paul",18,2020,0,0
"CNN_Newsroom_With_Victor_Blackwell_and_Christi_Paul",19,2020,0,1
"CNN_Newsroom_With_Victor_Blackwell_and_Christi_Paul",21,2020,0,0
"CNN_Newsroom_With_Victor_Blackwell_and_Christi_Paul",25,2020,0,0
"CNN_Newsroom_With_Victor_Blackwell_and_Christi_Paul",27,2020,0,0
"CNN_Newsroom_With_Victor_Blackwell_and_Christi_Paul",28,2020,0,1
"CNN_Newsroom_With_Victor_Blackwell_and_Christi_Paul",30,2020,0,2
"CNN_Newsroom_With_Victor_Blackwell_and_Christi_Paul",31,2020,0,0
"CNN_Newsroom_With_Victor_Blackwell_and_Christi_Paul",35,2020,0,0
"CNN_Newsroom_With_Victor_Blackwell_and_Christi_Paul",36,2020,1,1
"CNN_Newsroom_With_Victor_Blackwell_and_Christi_Paul",42,2020,0,0
"CNN_Newsroom_With_Victor_Blackwell_and_Christi_Paul",47,2020,0,0
"CNN_Newsroom_With_Victor_Blackwell_and_Christi_Paul",50,2020,0,0
"CNN_Newsroom_With_Victor_Blackwell_and_Christi_Paul",52,2020,0,1
"CNN_Right_Now_With_Brianna_Keilar",11,2020,0,0
"CNN_Right_Now_With_Brianna_Keilar",12,2020,0,0
"CNN_Right_Now_With_Brianna_Keilar",15,2020,0,5
"CNN_Right_Now_With_Brianna_Keilar",45,2020,0,3
"CNN_Right_Now_With_Brianna_Keilar",46,2020,0,0
"CNN_Right_Now_With_Brianna_Keilar",49,2020,0,0
"CNN_Right_Now_With_Brianna_Keilar",50,2020,0,0
"CNN_Special_Report",21,2020,0,3
"CNN_Special_Report",24,2020,0,0
"CNN_Special_Report",26,2020,0,0
"CNN_Special_Report",27,2020,0,4
"CNN_Special_Report",29,2020,0,6
"CNN_Special_Report",30,2020,0,0
"CNN_Special_Report",34,2020,0,0
"CNN_Special_Report",36,2020,0,3
"CNN_Special_Report",37,2020,0,0
"CNN_Special_Report",39,2020,0,0
"CNN_Special_Report",41,2020,0,0
"CNN_Special_Report",42,2020,0,1
"CNN_Special_Report",43,2020,0,0
"CNN_Special_Report",44,2020,0,0
"CNN_Special_Report",52,2020,0,3
"CNN_Tonight_with_Don_Lemon",12,2020,0,0
"CNN_Tonight_with_Don_Lemon",13,2020,0,5
"CNN_Tonight_with_Don_Lemon",14,2020,0,13
"CNN_Tonight_with_Don_Lemon",15,2020,0,4
"CNN_Tonight_with_Don_Lemon",16,2020,0,5
"CNN_Tonight_with_Don_Lemon",17,2020,0,0
"CNN_Tonight_with_Don_Lemon",18,2020,0,5
"CNN_Tonight_with_Don_Lemon",19,2020,0,2
"CNN_Tonight_with_Don_Lemon",20,2020,0,20
"CNN_Tonight_with_Don_Lemon",21,2020,0,1
"CNN_Tonight_with_Don_Lemon",22,2020,0,0
"CNN_Tonight_with_Don_Lemon",23,2020,0,0
"CNN_Tonight_with_Don_Lemon",24,2020,0,0
"CNN_Tonight_with_Don_Lemon",25,2020,0,7
"CNN_Tonight_with_Don_Lemon",26,2020,0,4
"CNN_Tonight_with_Don_Lemon",28,2020,0,40
"CNN_Tonight_with_Don_Lemon",29,2020,0,12
"CNN_Tonight_with_Don_Lemon",30,2020,0,4
"CNN_Tonight_with_Don_Lemon",31,2020,0,5
"CNN_Tonight_with_Don_Lemon",32,2020,0,2
"CNN_Tonight_with_Don_Lemon",33,2020,0,5
"CNN_Tonight_with_Don_Lemon",34,2020,0,0
"CNN_Tonight_with_Don_Lemon",35,2020,4,0
"CNN_Tonight_with_Don_Lemon",36,2020,2,7
"CNN_Tonight_with_Don_Lemon",37,2020,0,0
"CNN_Tonight_with_Don_Lemon",38,2020,0,1
"CNN_Tonight_with_Don_Lemon",39,2020,8,6
"CNN_Tonight_with_Don_Lemon",40,2020,2,4
"CNN_Tonight_with_Don_Lemon",41,2020,0,5
"CNN_Tonight_with_Don_Lemon",42,2020,1,14
"CNN_Tonight_with_Don_Lemon",43,2020,0,1
"CNN_Tonight_with_Don_Lemon",44,2020,0,0
"CNN_Tonight_with_Don_Lemon",46,2020,3,4
"CNN_Tonight_with_Don_Lemon",47,2020,0,0
"CNN_Tonight_with_Don_Lemon",48,2020,5,0
"CNN_Tonight_with_Don_Lemon",49,2020,0,9
"CNN_Tonight_with_Don_Lemon",50,2020,1,1
"CNN_Tonight_with_Don_Lemon",51,2020,0,6
"CNN_Tonight_with_Don_Lemon",52,2020,0,1
"CNN_Tonight_with_Don_Lemon",53,2020,0,0
"CNN_Tonight_With_Don_Lemon",10,2020,0,1
"CNNI_Simulcast",42,2020,0,0
"Coronavirus_Facts_and_Fears_A_CNN_Global_Town_Hall",10,2020,0,9
"Coronavirus_Facts_and_Fears_A_CNN_Global_Town_Hall",11,2020,0,6
"Coronavirus_Facts_and_Fears_A_CNN_Global_Town_Hall",13,2020,0,31
"Coronavirus_Facts_and_Fears_A_CNN_Global_Town_Hall",14,2020,0,10
"Coronavirus_Facts_and_Fears_A_CNN_Global_Town_Hall",15,2020,0,0
"Coronavirus_Facts_and_Fears_A_CNN_Global_Town_Hall",16,2020,0,3
"Coronavirus_Facts_and_Fears_A_CNN_Global_Town_Hall",19,2020,0,0
"Coronavirus_Facts_and_Fears_A_CNN_Global_Town_Hall",20,2020,0,1
"Coronavirus_Facts_and_Fears_A_CNN_Global_Town_Hall",21,2020,0,7
"Coronavirus_Facts_and_Fears_A_CNN_Global_Town_Hall",22,2020,0,0
"Coronavirus_Facts_and_Fears_A_CNN_Global_Town_Hall",25,2020,0,6
"Coronavirus_Facts_and_Fears_A_CNN_Global_Town_Hall",26,2020,0,2
"Coronavirus_Facts_and_Fears_A_CNN_Global_Town_Hall",28,2020,0,6
"Coronavirus_Facts_and_Fears_A_CNN_Global_Town_Hall",29,2020,0,0
"Coronavirus_Facts_and_Fears_A_CNN_Global_Town_Hall",30,2020,0,1
"Coronavirus_Facts_and_Fears_A_CNN_Global_Town_Hall",33,2020,0,3
"Coronavirus_Pandemic",13,2020,0,1
"Coronavirus_Pandemic",14,2020,0,3
"Coronavirus_Pandemic",15,2020,0,2
"Coronavirus_Pandemic",16,2020,0,0
"Coronavirus_Pandemic",17,2020,0,2
"Coronavirus_Pandemic",18,2020,0,0
"Coronavirus_Pandemic",20,2020,0,1
"Coronavirus_Pandemic",21,2020,0,0
"Coronavirus_Pandemic",22,2020,0,1
"Coronavirus_Pandemic_Worldwide_Coverage",13,2020,0,2
"Coronavirus_Pandemic_Worldwide_Coverage",14,2020,0,4
"Coronavirus_Pandemic_Worldwide_Coverage",15,2020,0,1
"Coronavirus_Pandemic_Worldwide_Coverage",16,2020,0,2
"Coronavirus_Pandemic_Worldwide_Coverage",17,2020,0,2
"Coronavirus_Pandemic_Worldwide_Coverage",18,2020,0,3
"Coronavirus_Pandemic_Worldwide_Coverage",19,2020,0,1
"Coronavirus_Pandemic_Worldwide_Coverage",20,2020,0,10
"Coronavirus_Pandemic_Worldwide_Coverage",21,2020,0,0
"Coronavirus_Pandemic_Worldwide_Coverage",22,2020,0,0
"Countdown_to_Election_Day",44,2020,24,32
"Cuomo_Prime_Time",10,2020,0,0
"Cuomo_Prime_Time",13,2020,0,1
"Cuomo_Prime_Time",14,2020,0,1
"Cuomo_Prime_Time",16,2020,0,0
"Cuomo_Prime_Time",17,2020,0,2
"Cuomo_Prime_Time",18,2020,0,0
"Cuomo_Prime_Time",21,2020,0,0
"Cuomo_Prime_Time",22,2020,0,1
"Cuomo_Prime_Time",24,2020,0,5
"Cuomo_Prime_Time",26,2020,0,0
"Cuomo_Prime_Time",27,2020,0,0
"Cuomo_Prime_Time",29,2020,0,9
"Cuomo_Prime_Time",30,2020,0,0
"Cuomo_Prime_Time",31,2020,0,0
"Cuomo_Prime_Time",32,2020,0,0
"Cuomo_Prime_Time",35,2020,1,0
"Cuomo_Prime_Time",36,2020,0,0
"Cuomo_Prime_Time",37,2020,0,0
"Cuomo_Prime_Time",38,2020,0,1
"Cuomo_Prime_Time",39,2020,0,0
"Cuomo_Prime_Time",40,2020,0,1
"Cuomo_Prime_Time",41,2020,0,2
"Cuomo_Prime_Time",43,2020,0,0
"Cuomo_Prime_Time",44,2020,0,0
"Cuomo_Prime_Time",50,2020,0,1
"Debate_Night_in_America",39,2020,0,0
"Debate_Night_in_America",41,2020,4,0
"Debate_Night_in_America",43,2020,0,8
"Early_Start_With_Christine_Romans_and_Laura_Jarrett",10,2020,0,0
"Early_Start_With_Christine_Romans_and_Laura_Jarrett",11,2020,0,0
"Early_Start_With_Christine_Romans_and_Laura_Jarrett",12,2020,0,0
"Early_Start_With_Christine_Romans_and_Laura_Jarrett",19,2020,0,2
"Early_Start_With_Christine_Romans_and_Laura_Jarrett",20,2020,0,5
"Early_Start_With_Christine_Romans_and_Laura_Jarrett",21,2020,0,2
"Early_Start_With_Christine_Romans_and_Laura_Jarrett",22,2020,0,0
"Early_Start_With_Christine_Romans_and_Laura_Jarrett",23,2020,0,0
"Early_Start_With_Christine_Romans_and_Laura_Jarrett",24,2020,0,1
"Early_Start_With_Christine_Romans_and_Laura_Jarrett",25,2020,0,3
"Early_Start_With_Christine_Romans_and_Laura_Jarrett",26,2020,0,4
"Early_Start_With_Christine_Romans_and_Laura_Jarrett",27,2020,0,4
"Early_Start_With_Christine_Romans_and_Laura_Jarrett",28,2020,0,16
"Early_Start_With_Christine_Romans_and_Laura_Jarrett",29,2020,0,4
"Early_Start_With_Christine_Romans_and_Laura_Jarrett",30,2020,0,2
"Early_Start_With_Christine_Romans_and_Laura_Jarrett",31,2020,0,4
"Early_Start_With_Christine_Romans_and_Laura_Jarrett",32,2020,0,3
"Early_Start_With_Christine_Romans_and_Laura_Jarrett",33,2020,0,8
"Early_Start_With_Christine_Romans_and_Laura_Jarrett",34,2020,0,0
"Early_Start_With_Christine_Romans_and_Laura_Jarrett",35,2020,0,0
"Early_Start_With_Christine_Romans_and_Laura_Jarrett",36,2020,0,3
"Early_Start_With_Christine_Romans_and_Laura_Jarrett",37,2020,0,3
"Early_Start_With_Christine_Romans_and_Laura_Jarrett",38,2020,0,2
"Early_Start_With_Christine_Romans_and_Laura_Jarrett",39,2020,0,1
"Early_Start_With_Christine_Romans_and_Laura_Jarrett",40,2020,0,0
"Early_Start_With_Christine_Romans_and_Laura_Jarrett",41,2020,0,6
"Early_Start_With_Christine_Romans_and_Laura_Jarrett",42,2020,1,7
"Early_Start_With_Christine_Romans_and_Laura_Jarrett",43,2020,0,0
"Early_Start_With_Christine_Romans_and_Laura_Jarrett",45,2020,0,1
"Early_Start_With_Christine_Romans_and_Laura_Jarrett",46,2020,0,1
"Early_Start_With_Christine_Romans_and_Laura_Jarrett",47,2020,0,2
"Early_Start_With_Christine_Romans_and_Laura_Jarrett",48,2020,1,4
"Early_Start_With_Christine_Romans_and_Laura_Jarrett",49,2020,0,4
"Early_Start_With_Christine_Romans_and_Laura_Jarrett",50,2020,0,0
"Early_Start_With_Christine_Romans_and_Laura_Jarrett",51,2020,0,0
"Early_Start_With_Christine_Romans_and_Laura_Jarrett",52,2020,0,0
"Election_Day_in_America",44,2020,3,4
"Election_Day_in_America",45,2020,0,0
"Election_Night_in_America",45,2020,0,2
"Erin_Burnett_OutFront",11,2020,0,6
"Erin_Burnett_OutFront",13,2020,0,6
"Erin_Burnett_OutFront",15,2020,0,4
"Erin_Burnett_OutFront",16,2020,0,0
"Erin_Burnett_OutFront",17,2020,0,1
"Erin_Burnett_OutFront",18,2020,0,6
"Erin_Burnett_OutFront",19,2020,0,0
"Erin_Burnett_OutFront",20,2020,0,8
"Erin_Burnett_OutFront",21,2020,0,1
"Erin_Burnett_OutFront",22,2020,0,1
"Erin_Burnett_OutFront",24,2020,0,0
"Erin_Burnett_OutFront",25,2020,0,6
"Erin_Burnett_OutFront",26,2020,0,15
"Erin_Burnett_OutFront",27,2020,0,9
"Erin_Burnett_OutFront",28,2020,0,14
"Erin_Burnett_OutFront",29,2020,0,15
"Erin_Burnett_OutFront",30,2020,0,0
"Erin_Burnett_OutFront",31,2020,0,6
"Erin_Burnett_OutFront",33,2020,4,4
"Erin_Burnett_OutFront",34,2020,0,1
"Erin_Burnett_OutFront",35,2020,1,1
"Erin_Burnett_OutFront",36,2020,0,0
"Erin_Burnett_OutFront",39,2020,4,6
"Erin_Burnett_OutFront",40,2020,0,0
"Erin_Burnett_OutFront",42,2020,2,21
"Erin_Burnett_OutFront",43,2020,0,1
"Erin_Burnett_OutFront",44,2020,0,0
"Erin_Burnett_OutFront",46,2020,1,2
"Erin_Burnett_OutFront",47,2020,1,0
"Erin_Burnett_OutFront",48,2020,0,0
"Erin_Burnett_OutFront",49,2020,0,0
"Erin_Burnett_OutFront",51,2020,0,3
"Erin_Burnett_OutFront",52,2020,0,0
"Erin_Burnett_OutFront",53,2020,0,1
"Facing_the_Realities_of_Racism_Unconscious_Bias",30,2020,0,0
"Fareed_Zakaria_GPS",13,2020,0,5
"Fareed_Zakaria_GPS",14,2020,0,1
"Fareed_Zakaria_GPS",15,2020,0,1
"Fareed_Zakaria_GPS",16,2020,0,0
"Fareed_Zakaria_GPS",17,2020,0,0
"Fareed_Zakaria_GPS",18,2020,0,2
"Fareed_Zakaria_GPS",19,2020,0,0
"Fareed_Zakaria_GPS",21,2020,0,0
"Fareed_Zakaria_GPS",23,2020,0,0
"Fareed_Zakaria_GPS",26,2020,0,0
"Fareed_Zakaria_GPS",28,2020,0,0
"Fareed_Zakaria_GPS",33,2020,0,0
"Fareed_Zakaria_GPS",34,2020,0,0
"Fareed_Zakaria_GPS",40,2020,0,0
"Fareed_Zakaria_GPS",45,2020,0,0
"Fareed_Zakaria_GPS",52,2020,0,2
"Final_Presidential_Debate",43,2020,0,0
"First_Presidential_Debate",40,2020,0,1
"Inside_Politics",15,2020,0,2
"Inside_Politics",17,2020,0,0
"Inside_Politics",20,2020,0,3
"Inside_Politics",24,2020,0,0
"Inside_Politics",29,2020,0,1
"Inside_Politics",31,2020,0,1
"Inside_Politics",32,2020,0,0
"Inside_Politics",33,2020,0,0
"Inside_Politics",34,2020,0,0
"Inside_Politics",35,2020,0,0
"Inside_Politics",37,2020,0,1
"Inside_Politics",45,2020,0,0
"Joe_Biden_CNN_Town_Hall",9,2020,0,0
"John_Lewis_Memorial",30,2020,0,0
"March_on_Washington_2020",35,2020,0,0
"New_Day_Weekend_With_Victor_Blackwell_and_Christi_Paul",9,2020,0,0
"New_Day_Weekend_With_Victor_Blackwell_and_Christi_Paul",11,2020,0,2
"New_Day_Weekend_With_Victor_Blackwell_and_Christi_Paul",12,2020,0,0
"New_Day_Weekend_With_Victor_Blackwell_and_Christi_Paul",13,2020,0,0
"New_Day_Weekend_With_Victor_Blackwell_and_Christi_Paul",14,2020,0,0
"New_Day_Weekend_With_Victor_Blackwell_and_Christi_Paul",15,2020,0,2
"New_Day_Weekend_With_Victor_Blackwell_and_Christi_Paul",16,2020,0,0
"New_Day_Weekend_With_Victor_Blackwell_and_Christi_Paul",17,2020,0,2
"New_Day_Weekend_With_Victor_Blackwell_and_Christi_Paul",18,2020,0,2
"New_Day_Weekend_With_Victor_Blackwell_and_Christi_Paul",19,2020,0,4
"New_Day_Weekend_With_Victor_Blackwell_and_Christi_Paul",20,2020,0,1
"New_Day_Weekend_With_Victor_Blackwell_and_Christi_Paul",21,2020,0,3
"New_Day_Weekend_With_Victor_Blackwell_and_Christi_Paul",22,2020,0,0
"New_Day_Weekend_With_Victor_Blackwell_and_Christi_Paul",23,2020,0,0
"New_Day_Weekend_With_Victor_Blackwell_and_Christi_Paul",24,2020,0,8
"New_Day_Weekend_With_Victor_Blackwell_and_Christi_Paul",25,2020,0,5
"New_Day_Weekend_With_Victor_Blackwell_and_Christi_Paul",26,2020,0,2
"New_Day_Weekend_With_Victor_Blackwell_and_Christi_Paul",27,2020,0,0
"New_Day_Weekend_With_Victor_Blackwell_and_Christi_Paul",28,2020,0,10
"New_Day_Weekend_With_Victor_Blackwell_and_Christi_Paul",29,2020,0,3
"New_Day_Weekend_With_Victor_Blackwell_and_Christi_Paul",30,2020,0,3
"New_Day_Weekend_With_Victor_Blackwell_and_Christi_Paul",31,2020,0,8
"New_Day_Weekend_With_Victor_Blackwell_and_Christi_Paul",32,2020,0,3
"New_Day_Weekend_With_Victor_Blackwell_and_Christi_Paul",33,2020,0,4
"New_Day_Weekend_With_Victor_Blackwell_and_Christi_Paul",34,2020,0,0
"New_Day_Weekend_With_Victor_Blackwell_and_Christi_Paul",36,2020,0,2
"New_Day_Weekend_With_Victor_Blackwell_and_Christi_Paul",37,2020,0,11
"New_Day_Weekend_With_Victor_Blackwell_and_Christi_Paul",38,2020,0,0
"New_Day_Weekend_With_Victor_Blackwell_and_Christi_Paul",39,2020,0,3
"New_Day_Weekend_With_Victor_Blackwell_and_Christi_Paul",40,2020,0,0
"New_Day_Weekend_With_Victor_Blackwell_and_Christi_Paul",41,2020,0,2
"New_Day_Weekend_With_Victor_Blackwell_and_Christi_Paul",42,2020,8,0
"New_Day_Weekend_With_Victor_Blackwell_and_Christi_Paul",43,2020,0,4
"New_Day_Weekend_With_Victor_Blackwell_and_Christi_Paul",44,2020,9,22
"New_Day_Weekend_With_Victor_Blackwell_and_Christi_Paul",46,2020,0,2
"New_Day_Weekend_With_Victor_Blackwell_and_Christi_Paul",47,2020,0,4
"New_Day_Weekend_With_Victor_Blackwell_and_Christi_Paul",48,2020,0,0
"New_Day_Weekend_With_Victor_Blackwell_and_Christi_Paul",49,2020,0,0
"New_Day_Weekend_With_Victor_Blackwell_and_Christi_Paul",50,2020,0,1
"New_Day_Weekend_With_Victor_Blackwell_and_Christi_Paul",51,2020,0,0
"New_Day_Weekend_With_Victor_Blackwell_and_Christi_Paul",52,2020,0,1
"New_Day_With_Alisyn_Camerota_and_John_Berman",9,2020,0,0
"New_Day_With_Alisyn_Camerota_and_John_Berman",10,2020,0,2
"New_Day_With_Alisyn_Camerota_and_John_Berman",11,2020,0,1
"New_Day_With_Alisyn_Camerota_and_John_Berman",12,2020,0,3
"New_Day_With_Alisyn_Camerota_and_John_Berman",13,2020,0,11
"New_Day_With_Alisyn_Camerota_and_John_Berman",14,2020,0,10
"New_Day_With_Alisyn_Camerota_and_John_Berman",15,2020,0,20
"New_Day_With_Alisyn_Camerota_and_John_Berman",16,2020,0,2
"New_Day_With_Alisyn_Camerota_and_John_Berman",17,2020,0,5
"New_Day_With_Alisyn_Camerota_and_John_Berman",18,2020,0,4
"New_Day_With_Alisyn_Camerota_and_John_Berman",19,2020,0,3
"New_Day_With_Alisyn_Camerota_and_John_Berman",20,2020,0,2
"New_Day_With_Alisyn_Camerota_and_John_Berman",21,2020,0,0
"New_Day_With_Alisyn_Camerota_and_John_Berman",22,2020,0,0
"New_Day_With_Alisyn_Camerota_and_John_Berman",23,2020,0,0
"New_Day_With_Alisyn_Camerota_and_John_Berman",24,2020,0,3
"New_Day_With_Alisyn_Camerota_and_John_Berman",25,2020,0,5
"New_Day_With_Alisyn_Camerota_and_John_Berman",26,2020,0,1
"New_Day_With_Alisyn_Camerota_and_John_Berman",27,2020,0,3
"New_Day_With_Alisyn_Camerota_and_John_Berman",28,2020,0,32
"New_Day_With_Alisyn_Camerota_and_John_Berman",29,2020,0,14
"New_Day_With_Alisyn_Camerota_and_John_Berman",30,2020,0,4
"New_Day_With_Alisyn_Camerota_and_John_Berman",31,2020,0,10
"New_Day_With_Alisyn_Camerota_and_John_Berman",32,2020,0,26
"New_Day_With_Alisyn_Camerota_and_John_Berman",33,2020,1,3
"New_Day_With_Alisyn_Camerota_and_John_Berman",34,2020,0,3
"New_Day_With_Alisyn_Camerota_and_John_Berman",35,2020,1,0
"New_Day_With_Alisyn_Camerota_and_John_Berman",36,2020,0,0
"New_Day_With_Alisyn_Camerota_and_John_Berman",37,2020,0,4
"New_Day_With_Alisyn_Camerota_and_John_Berman",38,2020,2,4
"New_Day_With_Alisyn_Camerota_and_John_Berman",39,2020,15,5
"New_Day_With_Alisyn_Camerota_and_John_Berman",40,2020,0,1
"New_Day_With_Alisyn_Camerota_and_John_Berman",41,2020,0,26
"New_Day_With_Alisyn_Camerota_and_John_Berman",42,2020,14,33
"New_Day_With_Alisyn_Camerota_and_John_Berman",43,2020,0,7
"New_Day_With_Alisyn_Camerota_and_John_Berman",44,2020,2,8
"New_Day_With_Alisyn_Camerota_and_John_Berman",45,2020,0,0
"New_Day_With_Alisyn_Camerota_and_John_Berman",46,2020,12,7
"New_Day_With_Alisyn_Camerota_and_John_Berman",47,2020,2,1
"New_Day_With_Alisyn_Camerota_and_John_Berman",48,2020,3,6
"New_Day_With_Alisyn_Camerota_and_John_Berman",49,2020,0,8
"New_Day_With_Alisyn_Camerota_and_John_Berman",50,2020,1,0
"New_Day_With_Alisyn_Camerota_and_John_Berman",51,2020,0,11
"New_Day_With_Alisyn_Camerota_and_John_Berman",52,2020,0,7
"New_Day_With_Alisyn_Camerota_and_John_Berman",53,2020,0,2
"Reliable_Sources_with_Brian_Stelter",18,2020,0,1
"Reliable_Sources_with_Brian_Stelter",20,2020,0,0
"Reliable_Sources_with_Brian_Stelter",21,2020,0,0
"Reliable_Sources_with_Brian_Stelter",28,2020,0,1
"Reliable_Sources_with_Brian_Stelter",29,2020,0,1
"Reliable_Sources_with_Brian_Stelter",32,2020,0,0
"Reliable_Sources_with_Brian_Stelter",34,2020,0,0
"Reliable_Sources_with_Brian_Stelter",43,2020,0,0
"Reliable_Sources_with_Brian_Stelter",45,2020,0,0
"S._E._Cupp_Unfiltered",12,2020,0,0
"Smerconish",12,2020,0,0
"Smerconish",13,2020,0,0
"Smerconish",14,2020,0,1
"Smerconish",15,2020,0,1
"Smerconish",19,2020,0,0
"Smerconish",21,2020,0,0
"Smerconish",23,2020,0,1
"Smerconish",25,2020,0,0
"Smerconish",36,2020,6,0
"Smerconish",41,2020,0,0
"Smerconish",51,2020,0,0
"Smerconish",52,2020,0,2
"State_of_the_Union_With_Jake_Tapper",15,2020,0,4
"State_of_the_Union_With_Jake_Tapper",19,2020,0,3
"State_of_the_Union_With_Jake_Tapper",20,2020,0,0
"State_of_the_Union_With_Jake_Tapper",22,2020,0,0
"State_of_the_Union_With_Jake_Tapper",26,2020,0,1
"State_of_the_Union_With_Jake_Tapper",28,2020,0,1
"State_of_the_Union_With_Jake_Tapper",29,2020,0,0
"State_of_the_Union_With_Jake_Tapper",31,2020,0,0
"State_of_the_Union_With_Jake_Tapper",40,2020,0,0
"State_of_the_Union_With_Jake_Tapper",43,2020,0,1
"State_of_the_Union_With_Jake_Tapper",44,2020,0,1
"State_of_the_Union_With_Jake_Tapper",45,2020,0,0
"State_of_the_Union_With_Jake_Tapper",51,2020,0,0
"State_of_the_Union_With_Jake_Tapper",52,2020,0,6
"The_ABCs_of_Back_to_School_A_CNNSesame_Street_Town_Hall_for_Families",37,2020,0,0
"The_ABCs_of_Covid-19_A_CNNSesame_Street_Town_Hall_for_Families",51,2020,0,10
"The_ABCs_of_Covid-19_A_CNNSesame_Street_Town_Hall_for_Kids_and_Parents",17,2020,0,0
"The_Color_of_COVID",17,2020,0,0
"The_Color_of_COVID",20,2020,0,0
"The_Color_of_COVID_The_Vaccines_A_CNN_Town_Hall",51,2020,0,22
"The_Electoral_College_Vote_CNN_Special_Coverage",50,2020,0,0
"The_Lead_With_Jake_Tapper",12,2020,0,11
"The_Lead_With_Jake_Tapper",13,2020,0,3
"The_Lead_With_Jake_Tapper",14,2020,0,5
"The_Lead_With_Jake_Tapper",15,2020,0,4
"The_Lead_With_Jake_Tapper",16,2020,0,0
"The_Lead_With_Jake_Tapper",17,2020,0,3
"The_Lead_With_Jake_Tapper",18,2020,0,6
"The_Lead_With_Jake_Tapper",19,2020,0,1
"The_Lead_With_Jake_Tapper",20,2020,0,4
"The_Lead_With_Jake_Tapper",21,2020,0,0
"The_Lead_With_Jake_Tapper",22,2020,0,0
"The_Lead_With_Jake_Tapper",23,2020,0,0
"The_Lead_With_Jake_Tapper",24,2020,0,2
"The_Lead_With_Jake_Tapper",25,2020,0,3
"The_Lead_With_Jake_Tapper",26,2020,0,6
"The_Lead_With_Jake_Tapper",27,2020,0,12
"The_Lead_With_Jake_Tapper",28,2020,0,32
"The_Lead_With_Jake_Tapper",29,2020,0,18
"The_Lead_With_Jake_Tapper",30,2020,0,5
"The_Lead_With_Jake_Tapper",31,2020,0,3
"The_Lead_With_Jake_Tapper",32,2020,0,1
"The_Lead_With_Jake_Tapper",33,2020,2,2
"The_Lead_With_Jake_Tapper",34,2020,0,5
"The_Lead_With_Jake_Tapper",35,2020,2,3
"The_Lead_With_Jake_Tapper",36,2020,0,2
"The_Lead_With_Jake_Tapper",37,2020,1,9
"The_Lead_With_Jake_Tapper",38,2020,1,0
"The_Lead_With_Jake_Tapper",39,2020,2,7
"The_Lead_With_Jake_Tapper",40,2020,1,0
"The_Lead_With_Jake_Tapper",41,2020,1,2
"The_Lead_With_Jake_Tapper",42,2020,10,35
"The_Lead_With_Jake_Tapper",43,2020,0,1
"The_Lead_With_Jake_Tapper",44,2020,0,3
"The_Lead_With_Jake_Tapper",46,2020,2,5
"The_Lead_With_Jake_Tapper",47,2020,0,0
"The_Lead_With_Jake_Tapper",48,2020,0,0
"The_Lead_With_Jake_Tapper",49,2020,0,9
"The_Lead_With_Jake_Tapper",50,2020,0,0
"The_Lead_With_Jake_Tapper",51,2020,0,3
"The_Lead_With_Jake_Tapper",52,2020,0,1
"The_Lead_With_Jake_Tapper",53,2020,0,0
"The_Movies",48,2020,0,0
"The_Post-COVID-19_World_A_Fareed_Zakaria_GPS_Special",19,2020,0,0
"The_Situation_Room_With_Wolf_Blitzer",12,2020,0,0
"The_Situation_Room_With_Wolf_Blitzer",13,2020,0,5
"The_Situation_Room_With_Wolf_Blitzer",15,2020,0,16
"The_Situation_Room_With_Wolf_Blitzer",16,2020,0,1
"The_Situation_Room_With_Wolf_Blitzer",17,2020,0,17
"The_Situation_Room_With_Wolf_Blitzer",18,2020,0,23
"The_Situation_Room_With_Wolf_Blitzer",19,2020,0,0
"The_Situation_Room_With_Wolf_Blitzer",20,2020,0,24
"The_Situation_Room_With_Wolf_Blitzer",21,2020,0,0
"The_Situation_Room_With_Wolf_Blitzer",22,2020,0,8
"The_Situation_Room_With_Wolf_Blitzer",23,2020,0,0
"The_Situation_Room_With_Wolf_Blitzer",24,2020,0,6
"The_Situation_Room_With_Wolf_Blitzer",25,2020,0,5
"The_Situation_Room_With_Wolf_Blitzer",26,2020,0,11
"The_Situation_Room_With_Wolf_Blitzer",27,2020,0,10
"The_Situation_Room_With_Wolf_Blitzer",28,2020,0,42
"The_Situation_Room_With_Wolf_Blitzer",29,2020,0,68
"The_Situation_Room_With_Wolf_Blitzer",30,2020,0,30
"The_Situation_Room_With_Wolf_Blitzer",31,2020,0,34
"The_Situation_Room_With_Wolf_Blitzer",32,2020,0,8
"The_Situation_Room_With_Wolf_Blitzer",33,2020,0,3
"The_Situation_Room_With_Wolf_Blitzer",34,2020,0,2
"The_Situation_Room_With_Wolf_Blitzer",35,2020,0,9
"The_Situation_Room_With_Wolf_Blitzer",36,2020,4,16
"The_Situation_Room_With_Wolf_Blitzer",37,2020,0,7
"The_Situation_Room_With_Wolf_Blitzer",38,2020,1,4
"The_Situation_Room_With_Wolf_Blitzer",39,2020,10,17
"The_Situation_Room_With_Wolf_Blitzer",40,2020,0,0
"The_Situation_Room_With_Wolf_Blitzer",41,2020,1,31
"The_Situation_Room_With_Wolf_Blitzer",42,2020,4,31
"The_Situation_Room_With_Wolf_Blitzer",43,2020,4,7
"The_Situation_Room_With_Wolf_Blitzer",44,2020,0,0
"The_Situation_Room_With_Wolf_Blitzer",45,2020,0,5
"The_Situation_Room_With_Wolf_Blitzer",46,2020,0,10
"The_Situation_Room_With_Wolf_Blitzer",47,2020,1,7
"The_Situation_Room_With_Wolf_Blitzer",48,2020,0,0
"The_Situation_Room_With_Wolf_Blitzer",49,2020,1,18
"The_Situation_Room_With_Wolf_Blitzer",50,2020,0,6
"The_Situation_Room_With_Wolf_Blitzer",51,2020,0,11
"The_Situation_Room_With_Wolf_Blitzer",52,2020,0,1
"United_Shades_of_America",35,2020,0,0
"Vice_Presidential_Debate",41,2020,0,0
"We_Remember_A_National_Memorial_Service_for_Covid-19",22,2020,0,0
"William_Barr_House_Judiciary_Hearing",30,2020,0,0
"All_American_Christmas_at_Fox_Square",49,2020,0,0
"America_Together_Keeping_the_Faith",15,2020,0,0
"Americas_News_Headquarters",9,2020,0,3
"Americas_News_Headquarters",10,2020,0,4
"Americas_News_Headquarters",11,2020,0,7
"Americas_News_Headquarters",12,2020,0,9
"Americas_News_Headquarters",13,2020,0,1
"Americas_News_Headquarters",14,2020,0,2
"Americas_News_Headquarters",15,2020,0,3
"Americas_News_Headquarters",16,2020,0,2
"Americas_News_Headquarters",17,2020,0,0
"Americas_News_Headquarters",18,2020,0,14
"Americas_News_Headquarters",19,2020,0,9
"Americas_News_Headquarters",20,2020,0,0
"Americas_News_Headquarters",21,2020,0,1
"Americas_News_Headquarters",23,2020,0,1
"Americas_News_Headquarters",24,2020,0,2
"Americas_News_Headquarters",25,2020,0,0
"Americas_News_Headquarters",26,2020,0,4
"Americas_News_Headquarters",27,2020,0,0
"Americas_News_Headquarters",28,2020,0,0
"Americas_News_Headquarters",29,2020,0,3
"Americas_News_Headquarters",30,2020,0,2
"Americas_News_Headquarters",31,2020,0,5
"Americas_News_Headquarters",32,2020,0,0
"Americas_News_Headquarters",33,2020,0,2
"Americas_News_Headquarters",34,2020,0,0
"Americas_News_Headquarters",37,2020,0,7
"Americas_News_Headquarters",39,2020,0,0
"Americas_News_Headquarters",40,2020,0,0
"Americas_News_Headquarters",41,2020,0,0
"Americas_News_Headquarters",42,2020,0,0
"Americas_News_Headquarters",43,2020,0,0
"Americas_News_Headquarters",44,2020,0,0
"Americas_News_Headquarters",46,2020,0,1
"Americas_News_Headquarters",47,2020,0,0
"Americas_News_Headquarters",48,2020,0,1
"Americas_News_Headquarters",49,2020,0,1
"Americas_News_Headquarters",50,2020,0,0
"Americas_News_Headquarters",51,2020,0,0
"Americas_News_Headquarters",52,2020,0,0
"Americas_Newsroom",9,2020,0,1
"Americas_Newsroom",10,2020,0,5
"Americas_Newsroom",11,2020,0,13
"Americas_Newsroom",12,2020,0,5
"Americas_Newsroom",13,2020,0,10
"Americas_Newsroom",14,2020,0,15
"Americas_Newsroom",15,2020,0,22
"Americas_Newsroom",16,2020,0,1
"Americas_Newsroom",17,2020,0,0
"Americas_Newsroom",18,2020,0,3
"Americas_Newsroom",19,2020,0,11
"Americas_Newsroom",20,2020,0,2
"Americas_Newsroom",22,2020,0,1
"Americas_Newsroom",23,2020,0,0
"Americas_Newsroom",24,2020,0,1
"Americas_Newsroom",25,2020,0,0
"Americas_Newsroom",26,2020,0,9
"Americas_Newsroom",27,2020,0,3
"Americas_Newsroom",28,2020,0,3
"Americas_Newsroom",29,2020,1,6
"Americas_Newsroom",30,2020,0,2
"Americas_Newsroom",31,2020,0,30
"Americas_Newsroom",32,2020,0,0
"Americas_Newsroom",33,2020,0,5
"Americas_Newsroom",34,2020,0,0
"Americas_Newsroom",35,2020,0,0
"Americas_Newsroom",36,2020,3,5
"Americas_Newsroom",37,2020,0,10
"Americas_Newsroom",38,2020,0,5
"Americas_Newsroom",39,2020,0,11
"Americas_Newsroom",40,2020,6,7
"Americas_Newsroom",41,2020,0,1
"Americas_Newsroom",42,2020,0,2
"Americas_Newsroom",43,2020,0,0
"Americas_Newsroom",44,2020,0,0
"Americas_Newsroom",45,2020,0,0
"Americas_Newsroom",46,2020,0,2
"Americas_Newsroom",47,2020,0,0
"Americas_Newsroom",48,2020,2,10
"Americas_Newsroom",49,2020,0,0
"Americas_Newsroom",51,2020,0,7
"Americas_Newsroom",52,2020,0,3
"Americas_Newsroom",53,2020,0,1
"Bill_Hemmer_Reports",9,2020,0,0
"Bill_Hemmer_Reports",12,2020,0,0
"Bill_Hemmer_Reports",13,2020,0,0
"Bill_Hemmer_Reports",14,2020,0,0
"Bill_Hemmer_Reports",15,2020,0,0
"Bill_Hemmer_Reports",17,2020,0,0
"Bill_Hemmer_Reports",20,2020,0,0
"Bill_Hemmer_Reports",24,2020,0,0
"Bill_Hemmer_Reports",25,2020,0,1
"Bill_Hemmer_Reports",27,2020,0,0
"Bill_Hemmer_Reports",28,2020,0,0
"Bill_Hemmer_Reports",29,2020,0,0
"Bill_Hemmer_Reports",30,2020,0,0
"Bill_Hemmer_Reports",31,2020,0,0
"Bill_Hemmer_Reports",32,2020,0,0
"Bill_Hemmer_Reports",35,2020,0,0
"Bill_Hemmer_Reports",36,2020,0,0
"Bill_Hemmer_Reports",40,2020,0,0
"Bill_Hemmer_Reports",43,2020,0,0
"Bill_Hemmer_Reports",48,2020,0,0
"Bill_Hemmer_Reports",49,2020,0,0
"Bill_Hemmer_Reports",51,2020,0,1
"Bill_Hemmer_Reports",52,2020,0,1
"Bill_Hemmer_Reports",53,2020,0,0
"Breaking_News_Coverage_Anchored_by_Jon_Scott",40,2020,0,0
"Breaking_News_Coverage_Anchored_by_Rick_Leventhal",40,2020,0,0
"Cavuto_Live",9,2020,0,0
"Cavuto_Live",12,2020,0,1
"Cavuto_Live",19,2020,0,2
"Cavuto_Live",20,2020,0,0
"Cavuto_Live",21,2020,0,0
"Cavuto_Live",23,2020,0,0
"Cavuto_Live",26,2020,0,0
"Cavuto_Live",31,2020,0,0
"Cavuto_Live",32,2020,0,0
"Cavuto_Live",33,2020,0,0
"Cavuto_Live",38,2020,0,0
"Cavuto_Live",41,2020,0,0
"Cavuto_Live",43,2020,0,0
"Cavuto_Live",45,2020,0,0
"Cavuto_Live",48,2020,0,0
"Coronavirus_Pandemic_Coverage",11,2020,0,1
"Coronavirus_Pandemic_Coverage",12,2020,0,4
"Coronavirus_Pandemic_Coverage",13,2020,0,9
"Coronavirus_Pandemic_President_Trump_Virtual_Town_Hall",13,2020,0,1
"Coronavirus_Pandemic_Questions_Answered",11,2020,0,0
"Coronavirus_Pandemic_Special",12,2020,0,0
"Coronavirus_Pandemic_Special",13,2020,0,1
"FOX__Friends_First",10,2020,0,0
"FOX__Friends_First",11,2020,0,6
"FOX__Friends_First",12,2020,0,0
"FOX__Friends_First",13,2020,0,10
"FOX__Friends_First",14,2020,0,4
"FOX__Friends_First",15,2020,0,2
"FOX__Friends_First",16,2020,0,6
"FOX__Friends_First",17,2020,0,1
"FOX__Friends_First",18,2020,0,2
"FOX__Friends_First",19,2020,0,2
"FOX__Friends_First",20,2020,0,1
"FOX__Friends_First",21,2020,0,0
"FOX__Friends_First",22,2020,0,1
"FOX__Friends_First",23,2020,0,0
"FOX__Friends_First",24,2020,0,2
"FOX__Friends_First",25,2020,0,0
"FOX__Friends_First",26,2020,0,2
"FOX__Friends_First",27,2020,0,7
"FOX__Friends_First",28,2020,0,2
"FOX__Friends_First",29,2020,0,0
"FOX__Friends_First",30,2020,0,0
"FOX__Friends_First",31,2020,0,0
"FOX__Friends_First",32,2020,0,0
"FOX__Friends_First",33,2020,0,0
"FOX__Friends_First",34,2020,0,0
"FOX__Friends_First",35,2020,0,0
"FOX__Friends_First",36,2020,0,1
"FOX__Friends_First",37,2020,0,0
"FOX__Friends_First",38,2020,0,0
"FOX__Friends_First",39,2020,0,1
"FOX__Friends_First",40,2020,0,0
"FOX__Friends_First",41,2020,0,0
"FOX__Friends_First",42,2020,0,7
"FOX__Friends_First",43,2020,0,0
"FOX__Friends_First",44,2020,0,0
"FOX__Friends_First",45,2020,0,1
"FOX__Friends_First",46,2020,0,1
"FOX__Friends_First",47,2020,0,2
"FOX__Friends_First",48,2020,0,0
"FOX__Friends_First",49,2020,0,0
"FOX__Friends_First",50,2020,0,0
"FOX__Friends_First",51,2020,0,2
"FOX__Friends_First",52,2020,0,3
"FOX__Friends_First",53,2020,0,0
"FOX_and_Friends",9,2020,0,0
"FOX_and_Friends",10,2020,0,0
"FOX_and_Friends",11,2020,0,13
"FOX_and_Friends",12,2020,0,4
"FOX_and_Friends",13,2020,1,10
"FOX_and_Friends",14,2020,0,6
"FOX_and_Friends",15,2020,0,4
"FOX_and_Friends",16,2020,0,3
"FOX_and_Friends",17,2020,1,2
"FOX_and_Friends",18,2020,0,3
"FOX_and_Friends",19,2020,0,3
"FOX_and_Friends",20,2020,0,1
"FOX_and_Friends",21,2020,0,0
"FOX_and_Friends",22,2020,0,0
"FOX_and_Friends",23,2020,0,0
"FOX_and_Friends",24,2020,0,0
"FOX_and_Friends",25,2020,0,3
"FOX_and_Friends",26,2020,0,4
"FOX_and_Friends",27,2020,0,0
"FOX_and_Friends",29,2020,0,0
"FOX_and_Friends",30,2020,0,2
"FOX_and_Friends",31,2020,0,0
"FOX_and_Friends",32,2020,0,0
"FOX_and_Friends",33,2020,0,0
"FOX_and_Friends",34,2020,0,0
"FOX_and_Friends",35,2020,0,0
"FOX_and_Friends",37,2020,0,4
"FOX_and_Friends",38,2020,0,0
"FOX_and_Friends",39,2020,0,0
"FOX_and_Friends",40,2020,0,0
"FOX_and_Friends",41,2020,0,1
"FOX_and_Friends",42,2020,1,1
"FOX_and_Friends",44,2020,0,0
"FOX_and_Friends",45,2020,0,2
"FOX_and_Friends",46,2020,0,1
"FOX_and_Friends",47,2020,0,2
"FOX_and_Friends",48,2020,0,0
"FOX_and_Friends",49,2020,0,0
"FOX_and_Friends",51,2020,0,7
"FOX_and_Friends",52,2020,2,2
"FOX_and_Friends_Saturday",9,2020,0,0
"FOX_and_Friends_Saturday",11,2020,0,1
"FOX_and_Friends_Saturday",12,2020,0,5
"FOX_and_Friends_Saturday",13,2020,0,0
"FOX_and_Friends_Saturday",15,2020,0,0
"FOX_and_Friends_Saturday",16,2020,0,0
"FOX_and_Friends_Saturday",17,2020,0,0
"FOX_and_Friends_Saturday",18,2020,0,0
"FOX_and_Friends_Saturday",20,2020,0,0
"FOX_and_Friends_Saturday",21,2020,0,2
"FOX_and_Friends_Saturday",23,2020,0,0
"FOX_and_Friends_Saturday",24,2020,0,0
"FOX_and_Friends_Saturday",26,2020,0,0
"FOX_and_Friends_Saturday",27,2020,0,0
"FOX_and_Friends_Saturday",28,2020,0,0
"FOX_and_Friends_Saturday",29,2020,0,0
"FOX_and_Friends_Saturday",30,2020,0,0
"FOX_and_Friends_Saturday",32,2020,0,0
"FOX_and_Friends_Saturday",33,2020,0,0
"FOX_and_Friends_Saturday",34,2020,0,1
"FOX_and_Friends_Saturday",35,2020,0,0
"FOX_and_Friends_Saturday",40,2020,0,0
"FOX_and_Friends_Saturday",42,2020,0,0
"FOX_and_Friends_Saturday",44,2020,0,0
"FOX_and_Friends_Saturday",45,2020,0,0
"FOX_and_Friends_Saturday",47,2020,0,0
"FOX_and_Friends_Saturday",48,2020,0,1
"FOX_and_Friends_Saturday",51,2020,0,0
"FOX_and_Friends_Saturday",52,2020,0,0
"FOX_and_Friends_Sunday",11,2020,0,0
"FOX_and_Friends_Sunday",12,2020,0,2
"FOX_and_Friends_Sunday",13,2020,0,0
"FOX_and_Friends_Sunday",14,2020,0,1
"FOX_and_Friends_Sunday",15,2020,0,1
"FOX_and_Friends_Sunday",16,2020,0,0
"FOX_and_Friends_Sunday",17,2020,0,4
"FOX_and_Friends_Sunday",18,2020,0,3
"FOX_and_Friends_Sunday",26,2020,0,0
"FOX_and_Friends_Sunday",27,2020,0,0
"FOX_and_Friends_Sunday",29,2020,0,0
"FOX_and_Friends_Sunday",30,2020,0,0
"FOX_and_Friends_Sunday",31,2020,0,0
"FOX_and_Friends_Sunday",33,2020,0,1
"FOX_and_Friends_Sunday",34,2020,0,0
"FOX_and_Friends_Sunday",35,2020,0,0
"FOX_and_Friends_Sunday",41,2020,0,0
"FOX_and_Friends_Sunday",49,2020,0,0
"FOX_and_Friends_Sunday",50,2020,0,0
"FOX_and_Friends_Sunday",51,2020,0,0
"FOX_and_Friends_Sunday",52,2020,0,0
"Fox_Nation_Patriot_Awards",48,2020,0,0
"Fox_News_at_Night_With_Shannon_Bream",9,2020,0,0
"Fox_News_at_Night_With_Shannon_Bream",10,2020,0,0
"Fox_News_at_Night_With_Shannon_Bream",11,2020,0,5
"Fox_News_at_Night_With_Shannon_Bream",12,2020,0,3
"Fox_News_at_Night_With_Shannon_Bream",13,2020,0,7
"Fox_News_at_Night_With_Shannon_Bream",14,2020,0,0
"Fox_News_at_Night_With_Shannon_Bream",15,2020,0,4
"Fox_News_at_Night_With_Shannon_Bream",16,2020,0,1
"Fox_News_at_Night_With_Shannon_Bream",17,2020,0,4
"Fox_News_at_Night_With_Shannon_Bream",18,2020,0,1
"Fox_News_at_Night_With_Shannon_Bream",19,2020,0,1
"Fox_News_at_Night_With_Shannon_Bream",20,2020,0,7
"Fox_News_at_Night_With_Shannon_Bream",21,2020,0,0
"Fox_News_at_Night_With_Shannon_Bream",22,2020,0,2
"Fox_News_at_Night_With_Shannon_Bream",23,2020,0,1
"Fox_News_at_Night_With_Shannon_Bream",25,2020,0,0
"Fox_News_at_Night_With_Shannon_Bream",26,2020,0,3
"Fox_News_at_Night_With_Shannon_Bream",27,2020,0,0
"Fox_News_at_Night_With_Shannon_Bream",28,2020,0,0
"Fox_News_at_Night_With_Shannon_Bream",29,2020,0,5
"Fox_News_at_Night_With_Shannon_Bream",30,2020,0,0
"Fox_News_at_Night_With_Shannon_Bream",31,2020,0,5
"Fox_News_at_Night_With_Shannon_Bream",32,2020,0,0
"Fox_News_at_Night_With_Shannon_Bream",33,2020,0,0
"Fox_News_at_Night_With_Shannon_Bream",35,2020,0,0
"Fox_News_at_Night_With_Shannon_Bream",36,2020,3,0
"Fox_News_at_Night_With_Shannon_Bream",37,2020,0,0
"Fox_News_at_Night_With_Shannon_Bream",39,2020,0,1
"Fox_News_at_Night_With_Shannon_Bream",40,2020,0,0
"Fox_News_at_Night_With_Shannon_Bream",41,2020,0,0
"Fox_News_at_Night_With_Shannon_Bream",42,2020,0,3
"Fox_News_at_Night_With_Shannon_Bream",43,2020,0,0
"Fox_News_at_Night_With_Shannon_Bream",44,2020,0,2
"Fox_News_at_Night_With_Shannon_Bream",45,2020,0,0
"Fox_News_at_Night_With_Shannon_Bream",46,2020,0,2
"Fox_News_at_Night_With_Shannon_Bream",47,2020,0,1
"Fox_News_at_Night_With_Shannon_Bream",48,2020,0,0
"Fox_News_at_Night_With_Shannon_Bream",49,2020,0,1
"Fox_News_at_Night_With_Shannon_Bream",50,2020,0,0
"Fox_News_at_Night_With_Shannon_Bream",51,2020,0,1
"Fox_News_at_Night_With_Shannon_Bream",52,2020,0,2
"Fox_News_at_Night_With_Shannon_Bream",53,2020,0,0
"Fox_News_Democracy_2020",44,2020,0,3
"FOX_News_Democracy_2020_Convention_Kickoff",33,2020,0,0
"Fox_News_Democracy_2020_Debate_Preview",39,2020,0,0
"Fox_News_Democracy_2020_Election_Coverage",45,2020,0,1
"Fox_News_Democracy_2020_Election_Preview",44,2020,2,3
"Fox_News_Democracy_2020_Presidential_Debate",40,2020,0,0
"Fox_News_Democracy_2020_Second_Presidential_Debate",43,2020,0,0
"Fox_News_Democracy_2020_The_Democratic_National_Convention",33,2020,0,0
"Fox_News_Democracy_2020_Vice_Presidential_Debate",41,2020,0,2
"FOX_News_Sunday_With_Chris_Wallace",11,2020,0,3
"FOX_News_Sunday_With_Chris_Wallace",13,2020,0,0
"FOX_News_Sunday_With_Chris_Wallace",16,2020,0,0
"FOX_News_Sunday_With_Chris_Wallace",18,2020,0,0
"FOX_News_Sunday_With_Chris_Wallace",19,2020,0,0
"FOX_News_Sunday_With_Chris_Wallace",20,2020,0,1
"FOX_News_Sunday_With_Chris_Wallace",21,2020,0,0
"FOX_News_Sunday_With_Chris_Wallace",22,2020,0,0
"FOX_News_Sunday_With_Chris_Wallace",27,2020,0,1
"FOX_News_Sunday_With_Chris_Wallace",35,2020,0,0
"FOX_News_Sunday_With_Chris_Wallace",40,2020,0,0
"FOX_News_Sunday_With_Chris_Wallace",41,2020,0,2
"FOX_News_Sunday_With_Chris_Wallace",42,2020,0,0
"FOX_News_Sunday_With_Chris_Wallace",46,2020,0,0
"FOX_News_Sunday_With_Chris_Wallace",49,2020,0,0
"FOX_News_Sunday_With_Chris_Wallace",52,2020,0,0
"Fox_Report_with_Jon_Scott",10,2020,0,3
"Fox_Report_with_Jon_Scott",11,2020,0,7
"Fox_Report_with_Jon_Scott",12,2020,0,2
"Fox_Report_with_Jon_Scott",13,2020,0,2
"Fox_Report_with_Jon_Scott",14,2020,0,1
"Fox_Report_with_Jon_Scott",15,2020,0,0
"Fox_Report_with_Jon_Scott",16,2020,0,0
"Fox_Report_with_Jon_Scott",17,2020,0,1
"Fox_Report_with_Jon_Scott",18,2020,0,1
"Fox_Report_with_Jon_Scott",19,2020,0,6
"Fox_Report_with_Jon_Scott",20,2020,0,0
"Fox_Report_with_Jon_Scott",21,2020,0,0
"Fox_Report_with_Jon_Scott",23,2020,0,5
"Fox_Report_with_Jon_Scott",24,2020,0,0
"Fox_Report_with_Jon_Scott",25,2020,0,0
"Fox_Report_with_Jon_Scott",27,2020,0,0
"Fox_Report_with_Jon_Scott",28,2020,2,0
"Fox_Report_with_Jon_Scott",29,2020,0,1
"Fox_Report_with_Jon_Scott",30,2020,0,0
"Fox_Report_with_Jon_Scott",31,2020,0,0
"Fox_Report_with_Jon_Scott",32,2020,0,0
"Fox_Report_with_Jon_Scott",33,2020,0,0
"Fox_Report_with_Jon_Scott",34,2020,0,0
"Fox_Report_with_Jon_Scott",36,2020,0,0
"Fox_Report_with_Jon_Scott",37,2020,0,1
"Fox_Report_with_Jon_Scott",40,2020,0,0
"Fox_Report_with_Jon_Scott",41,2020,0,2
"Fox_Report_with_Jon_Scott",42,2020,0,0
"Fox_Report_with_Jon_Scott",46,2020,0,3
"Fox_Report_with_Jon_Scott",47,2020,0,0
"Fox_Report_with_Jon_Scott",48,2020,0,1
"Fox_Report_with_Jon_Scott",49,2020,0,0
"Fox_Report_with_Jon_Scott",51,2020,0,0
"Fox_Report_with_Jon_Scott",52,2020,0,0
"Hannity",11,2020,0,0
"Hannity",12,2020,0,1
"Hannity",13,2020,0,0
"Hannity",14,2020,0,1
"Hannity",15,2020,0,0
"Hannity",16,2020,0,3
"Hannity",17,2020,0,0
"Hannity",18,2020,0,1
"Hannity",19,2020,0,0
"Hannity",20,2020,0,0
"Hannity",21,2020,0,0
"Hannity",22,2020,0,0
"Hannity",23,2020,0,1
"Hannity",25,2020,0,0
"Hannity",26,2020,0,0
"Hannity",28,2020,0,0
"Hannity",29,2020,0,0
"Hannity",30,2020,0,0
"Hannity",31,2020,0,1
"Hannity",32,2020,0,0
"Hannity",33,2020,0,0
"Hannity",34,2020,0,0
"Hannity",37,2020,0,0
"Hannity",40,2020,0,0
"Hannity",41,2020,0,0
"Hannity",43,2020,0,0
"Hannity",45,2020,0,0
"Hannity",47,2020,0,1
"Hannity",51,2020,0,6
"Hannity",52,2020,0,1
"Hurricane_Coverage",35,2020,0,0
"Justice_With_Judge_Jeanine",12,2020,0,0
"Justice_With_Judge_Jeanine",13,2020,0,2
"Justice_With_Judge_Jeanine",19,2020,0,2
"Justice_With_Judge_Jeanine",27,2020,0,2
"Justice_With_Judge_Jeanine",36,2020,0,0
"Justice_With_Judge_Jeanine",40,2020,0,0
"Justice_With_Judge_Jeanine",51,2020,0,0
"Lara_Logan_Has_No_Agenda_The_Socialist_Invasion",40,2020,0,0
"Life_Liberty__Levin",16,2020,0,0
"Life_Liberty__Levin",18,2020,0,0
"Life_Liberty__Levin",25,2020,0,0
"Life_Liberty__Levin",34,2020,0,0
"Life_Liberty__Levin",41,2020,0,0
"Life_Liberty__Levin",47,2020,0,2
"Life_Liberty__Levin",51,2020,0,0
"MediaBuzz",13,2020,0,1
"MediaBuzz",16,2020,0,0
"MediaBuzz",19,2020,0,1
"MediaBuzz",20,2020,0,4
"MediaBuzz",21,2020,0,0
"MediaBuzz",24,2020,0,0
"MediaBuzz",25,2020,0,0
"MediaBuzz",26,2020,0,1
"MediaBuzz",31,2020,0,5
"MediaBuzz",32,2020,0,0
"MediaBuzz",41,2020,0,0
"MediaBuzz",47,2020,0,0
"MediaBuzz",48,2020,0,0
"Outnumbered",10,2020,0,0
"Outnumbered",11,2020,0,1
"Outnumbered",12,2020,0,0
"Outnumbered",13,2020,0,3
"Outnumbered",14,2020,0,2
"Outnumbered",15,2020,0,4
"Outnumbered",16,2020,0,0
"Outnumbered",17,2020,0,1
"Outnumbered",18,2020,0,1
"Outnumbered",20,2020,0,1
"Outnumbered",22,2020,0,0
"Outnumbered",24,2020,0,0
"Outnumbered",25,2020,0,0
"Outnumbered",26,2020,0,1
"Outnumbered",27,2020,0,0
"Outnumbered",28,2020,0,0
"Outnumbered",29,2020,0,1
"Outnumbered",30,2020,0,0
"Outnumbered",32,2020,0,1
"Outnumbered",35,2020,0,0
"Outnumbered",36,2020,0,0
"Outnumbered",38,2020,0,0
"Outnumbered",40,2020,0,0
"Outnumbered",41,2020,0,2
"Outnumbered",44,2020,0,0
"Outnumbered",46,2020,0,0
"Outnumbered",47,2020,0,0
"Outnumbered",49,2020,0,1
"Outnumbered",51,2020,0,0
"Outnumbered",52,2020,0,0
"Outnumbered",53,2020,0,0
"Outnumbered_Overtime_With_Harris_Faulkner",9,2020,0,0
"Outnumbered_Overtime_With_Harris_Faulkner",10,2020,0,1
"Outnumbered_Overtime_With_Harris_Faulkner",11,2020,0,0
"Outnumbered_Overtime_With_Harris_Faulkner",12,2020,0,3
"Outnumbered_Overtime_With_Harris_Faulkner",13,2020,0,5
"Outnumbered_Overtime_With_Harris_Faulkner",14,2020,0,3
"Outnumbered_Overtime_With_Harris_Faulkner",15,2020,0,8
"Outnumbered_Overtime_With_Harris_Faulkner",16,2020,0,0
"Outnumbered_Overtime_With_Harris_Faulkner",17,2020,0,1
"Outnumbered_Overtime_With_Harris_Faulkner",20,2020,0,0
"Outnumbered_Overtime_With_Harris_Faulkner",26,2020,0,0
"Outnumbered_Overtime_With_Harris_Faulkner",27,2020,0,0
"Outnumbered_Overtime_With_Harris_Faulkner",28,2020,0,4
"Outnumbered_Overtime_With_Harris_Faulkner",30,2020,0,0
"Outnumbered_Overtime_With_Harris_Faulkner",31,2020,0,0
"Outnumbered_Overtime_With_Harris_Faulkner",32,2020,0,0
"Outnumbered_Overtime_With_Harris_Faulkner",33,2020,0,0
"Outnumbered_Overtime_With_Harris_Faulkner",34,2020,0,0
"Outnumbered_Overtime_With_Harris_Faulkner",35,2020,0,0
"Outnumbered_Overtime_With_Harris_Faulkner",37,2020,0,3
"Outnumbered_Overtime_With_Harris_Faulkner",38,2020,0,2
"Outnumbered_Overtime_With_Harris_Faulkner",39,2020,0,1
"Outnumbered_Overtime_With_Harris_Faulkner",40,2020,0,0
"Outnumbered_Overtime_With_Harris_Faulkner",41,2020,0,1
"Outnumbered_Overtime_With_Harris_Faulkner",42,2020,0,0
"Outnumbered_Overtime_With_Harris_Faulkner",44,2020,0,0
"Outnumbered_Overtime_With_Harris_Faulkner",46,2020,0,0
"Outnumbered_Overtime_With_Harris_Faulkner",49,2020,0,2
"Outnumbered_Overtime_With_Harris_Faulkner",51,2020,0,1
"Special_Coverage_Anchored_by_Trace_Gallagher",23,2020,0,0
"Special_Coverage_Anchored_by_Trace_Gallagher",49,2020,0,0
"Special_Report_With_Bret_Baier",9,2020,0,0
"Special_Report_With_Bret_Baier",10,2020,0,2
"Special_Report_With_Bret_Baier",11,2020,0,1
"Special_Report_With_Bret_Baier",12,2020,0,0
"Special_Report_With_Bret_Baier",13,2020,0,1
"Special_Report_With_Bret_Baier",15,2020,0,4
"Special_Report_With_Bret_Baier",16,2020,0,4
"Special_Report_With_Bret_Baier",17,2020,0,0
"Special_Report_With_Bret_Baier",18,2020,0,1
"Special_Report_With_Bret_Baier",19,2020,0,5
"Special_Report_With_Bret_Baier",20,2020,0,0
"Special_Report_With_Bret_Baier",21,2020,0,0
"Special_Report_With_Bret_Baier",22,2020,0,0
"Special_Report_With_Bret_Baier",23,2020,0,0
"Special_Report_With_Bret_Baier",24,2020,0,0
"Special_Report_With_Bret_Baier",25,2020,0,4
"Special_Report_With_Bret_Baier",26,2020,0,1
"Special_Report_With_Bret_Baier",27,2020,0,1
"Special_Report_With_Bret_Baier",28,2020,0,3
"Special_Report_With_Bret_Baier",29,2020,0,6
"Special_Report_With_Bret_Baier",30,2020,0,0
"Special_Report_With_Bret_Baier",31,2020,0,0
"Special_Report_With_Bret_Baier",32,2020,0,1
"Special_Report_With_Bret_Baier",33,2020,0,0
"Special_Report_With_Bret_Baier",34,2020,0,1
"Special_Report_With_Bret_Baier",35,2020,0,0
"Special_Report_With_Bret_Baier",36,2020,0,0
"Special_Report_With_Bret_Baier",37,2020,0,3
"Special_Report_With_Bret_Baier",38,2020,0,1
"Special_Report_With_Bret_Baier",39,2020,3,1
"Special_Report_With_Bret_Baier",40,2020,0,0
"Special_Report_With_Bret_Baier",41,2020,0,2
"Special_Report_With_Bret_Baier",42,2020,0,4
"Special_Report_With_Bret_Baier",44,2020,0,2
"Special_Report_With_Bret_Baier",46,2020,0,4
"Special_Report_With_Bret_Baier",47,2020,0,2
"Special_Report_With_Bret_Baier",48,2020,0,2
"Special_Report_With_Bret_Baier",49,2020,0,2
"Special_Report_With_Bret_Baier",51,2020,0,1
"Special_Report_With_Bret_Baier",52,2020,0,0
"Special_Report_With_Bret_Baier",53,2020,0,1
"Sunday_Morning_Futures_With_Maria_Bartiromo",11,2020,0,0
"Sunday_Morning_Futures_With_Maria_Bartiromo",12,2020,0,0
"Sunday_Morning_Futures_With_Maria_Bartiromo",20,2020,0,0
"Sunday_Morning_Futures_With_Maria_Bartiromo",26,2020,0,0
"Sunday_Morning_Futures_With_Maria_Bartiromo",32,2020,0,0
"Sunday_Morning_Futures_With_Maria_Bartiromo",40,2020,0,0
"Sunday_Morning_Futures_With_Maria_Bartiromo",50,2020,0,0
"Talking_to_GOATs_With_Jim_Gray",46,2020,0,0
"The_Daily_Briefing_With_Dana_Perino",9,2020,0,0
"The_Daily_Briefing_With_Dana_Perino",10,2020,0,3
"The_Daily_Briefing_With_Dana_Perino",11,2020,0,2
"The_Daily_Briefing_With_Dana_Perino",12,2020,0,0
"The_Daily_Briefing_With_Dana_Perino",13,2020,0,1
"The_Daily_Briefing_With_Dana_Perino",14,2020,0,0
"The_Daily_Briefing_With_Dana_Perino",15,2020,0,2
"The_Daily_Briefing_With_Dana_Perino",16,2020,0,0
"The_Daily_Briefing_With_Dana_Perino",17,2020,0,0
"The_Daily_Briefing_With_Dana_Perino",18,2020,0,4
"The_Daily_Briefing_With_Dana_Perino",20,2020,0,0
"The_Daily_Briefing_With_Dana_Perino",23,2020,0,0
"The_Daily_Briefing_With_Dana_Perino",24,2020,0,0
"The_Daily_Briefing_With_Dana_Perino",25,2020,0,0
"The_Daily_Briefing_With_Dana_Perino",26,2020,0,2
"The_Daily_Briefing_With_Dana_Perino",27,2020,0,0
"The_Daily_Briefing_With_Dana_Perino",28,2020,1,0
"The_Daily_Briefing_With_Dana_Perino",29,2020,0,6
"The_Daily_Briefing_With_Dana_Perino",32,2020,0,0
"The_Daily_Briefing_With_Dana_Perino",33,2020,0,1
"The_Daily_Briefing_With_Dana_Perino",34,2020,0,0
"The_Daily_Briefing_With_Dana_Perino",36,2020,0,1
"The_Daily_Briefing_With_Dana_Perino",37,2020,0,0
"The_Daily_Briefing_With_Dana_Perino",38,2020,0,0
"The_Daily_Briefing_With_Dana_Perino",39,2020,0,0
"The_Daily_Briefing_With_Dana_Perino",40,2020,0,0
"The_Daily_Briefing_With_Dana_Perino",41,2020,0,0
"The_Daily_Briefing_With_Dana_Perino",46,2020,0,0
"The_Daily_Briefing_With_Dana_Perino",47,2020,0,0
"The_Daily_Briefing_With_Dana_Perino",51,2020,0,2
"The_Five",11,2020,0,1
"The_Five",12,2020,0,2
"The_Five",13,2020,0,0
"The_Five",14,2020,0,1
"The_Five",15,2020,0,8
"The_Five",16,2020,0,0
"The_Five",17,2020,0,1
"The_Five",18,2020,0,0
"The_Five",22,2020,0,2
"The_Five",23,2020,0,0
"The_Five",30,2020,0,1
"The_Five",31,2020,0,4
"The_Five",32,2020,0,0
"The_Five",33,2020,0,0
"The_Five",34,2020,0,0
"The_Five",35,2020,0,0
"The_Five",36,2020,0,0
"The_Five",38,2020,0,0
"The_Five",39,2020,0,0
"The_Five",40,2020,0,1
"The_Five",43,2020,0,0
"The_Five",47,2020,0,0
"The_Five",51,2020,0,0
"The_Five",52,2020,0,0
"The_Five",53,2020,0,0
"The_Greg_Gutfeld_Show",11,2020,0,0
"The_Greg_Gutfeld_Show",12,2020,0,2
"The_Greg_Gutfeld_Show",14,2020,0,0
"The_Greg_Gutfeld_Show",16,2020,0,0
"The_Greg_Gutfeld_Show",19,2020,0,0
"The_Greg_Gutfeld_Show",20,2020,0,0
"The_Greg_Gutfeld_Show",22,2020,0,0
"The_Greg_Gutfeld_Show",27,2020,0,0
"The_Greg_Gutfeld_Show",33,2020,0,0
"The_Greg_Gutfeld_Show",34,2020,0,0
"The_Greg_Gutfeld_Show",40,2020,0,0
"The_Greg_Gutfeld_Show",47,2020,0,0
"The_Greg_Gutfeld_Show",52,2020,0,0
"The_Ingraham_Angle",9,2020,0,1
"The_Ingraham_Angle",10,2020,0,0
"The_Ingraham_Angle",11,2020,0,2
"The_Ingraham_Angle",12,2020,0,10
"The_Ingraham_Angle",13,2020,0,8
"The_Ingraham_Angle",14,2020,0,1
"The_Ingraham_Angle",15,2020,0,7
"The_Ingraham_Angle",16,2020,0,1
"The_Ingraham_Angle",17,2020,0,4
"The_Ingraham_Angle",18,2020,0,5
"The_Ingraham_Angle",19,2020,0,0
"The_Ingraham_Angle",20,2020,0,0
"The_Ingraham_Angle",21,2020,0,4
"The_Ingraham_Angle",22,2020,0,5
"The_Ingraham_Angle",23,2020,0,3
"The_Ingraham_Angle",24,2020,0,0
"The_Ingraham_Angle",25,2020,0,1
"The_Ingraham_Angle",27,2020,0,8
"The_Ingraham_Angle",28,2020,3,2
"The_Ingraham_Angle",29,2020,1,1
"The_Ingraham_Angle",33,2020,0,0
"The_Ingraham_Angle",36,2020,0,0
"The_Ingraham_Angle",38,2020,1,0
"The_Ingraham_Angle",40,2020,0,2
"The_Ingraham_Angle",41,2020,0,0
"The_Ingraham_Angle",42,2020,2,5
"The_Ingraham_Angle",44,2020,0,1
"The_Ingraham_Angle",46,2020,0,0
"The_Ingraham_Angle",47,2020,0,1
"The_Ingraham_Angle",48,2020,3,2
"The_Ingraham_Angle",53,2020,0,0
"The_Journal_Editorial_Report",11,2020,0,1
"The_Journal_Editorial_Report",24,2020,0,0
"The_Journal_Editorial_Report",26,2020,0,0
"The_Journal_Editorial_Report",30,2020,0,0
"The_Journal_Editorial_Report",31,2020,0,0
"The_Journal_Editorial_Report",37,2020,0,0
"The_Journal_Editorial_Report",40,2020,0,0
"The_Journal_Editorial_Report",41,2020,0,0
"The_Journal_Editorial_Report",44,2020,0,0
"The_Journal_Editorial_Report",46,2020,0,0
"The_Journal_Editorial_Report",48,2020,0,0
"The_Journal_Editorial_Report",49,2020,0,0
"The_Journal_Editorial_Report",50,2020,0,0
"The_Journal_Editorial_Report",51,2020,0,0
"The_Journal_Editorial_Report",52,2020,0,0
"The_Next_Revolution_With_Steve_Hilton",12,2020,0,2
"The_Next_Revolution_With_Steve_Hilton",13,2020,0,3
"The_Next_Revolution_With_Steve_Hilton",17,2020,0,2
"The_Next_Revolution_With_Steve_Hilton",27,2020,0,0
"The_Next_Revolution_With_Steve_Hilton",28,2020,0,0
"The_Story_With_Martha_MacCallum",10,2020,0,0
"The_Story_With_Martha_MacCallum",12,2020,0,0
"The_Story_With_Martha_MacCallum",13,2020,0,0
"The_Story_With_Martha_MacCallum",14,2020,0,1
"The_Story_With_Martha_MacCallum",15,2020,0,1
"The_Story_With_Martha_MacCallum",16,2020,0,3
"The_Story_With_Martha_MacCallum",17,2020,0,0
"The_Story_With_Martha_MacCallum",20,2020,1,0
"The_Story_With_Martha_MacCallum",23,2020,0,0
"The_Story_With_Martha_MacCallum",24,2020,0,0
"The_Story_With_Martha_MacCallum",25,2020,0,0
"The_Story_With_Martha_MacCallum",27,2020,3,0
"The_Story_With_Martha_MacCallum",28,2020,0,1
"The_Story_With_Martha_MacCallum",29,2020,0,0
"The_Story_With_Martha_MacCallum",30,2020,0,0
"The_Story_With_Martha_MacCallum",31,2020,0,0
"The_Story_With_Martha_MacCallum",34,2020,0,0
"The_Story_With_Martha_MacCallum",40,2020,0,0
"The_Story_With_Martha_MacCallum",41,2020,0,1
"The_Story_With_Martha_MacCallum",44,2020,0,0
"The_Story_With_Martha_MacCallum",46,2020,0,3
"The_Story_With_Martha_MacCallum",48,2020,0,2
"The_Story_With_Martha_MacCallum",51,2020,0,0
"Tucker_Carlson_Tonight",11,2020,0,1
"Tucker_Carlson_Tonight",12,2020,0,2
"Tucker_Carlson_Tonight",13,2020,0,2
"Tucker_Carlson_Tonight",14,2020,0,1
"Tucker_Carlson_Tonight",15,2020,0,3
"Tucker_Carlson_Tonight",16,2020,0,3
"Tucker_Carlson_Tonight",17,2020,0,3
"Tucker_Carlson_Tonight",18,2020,0,1
"Tucker_Carlson_Tonight",19,2020,0,0
"Tucker_Carlson_Tonight",20,2020,0,21
"Tucker_Carlson_Tonight",21,2020,0,0
"Tucker_Carlson_Tonight",23,2020,0,0
"Tucker_Carlson_Tonight",26,2020,0,0
"Tucker_Carlson_Tonight",27,2020,0,1
"Tucker_Carlson_Tonight",28,2020,0,0
"Tucker_Carlson_Tonight",29,2020,0,0
"Tucker_Carlson_Tonight",30,2020,0,2
"Tucker_Carlson_Tonight",31,2020,0,2
"Tucker_Carlson_Tonight",32,2020,0,0
"Tucker_Carlson_Tonight",33,2020,1,0
"Tucker_Carlson_Tonight",34,2020,0,0
"Tucker_Carlson_Tonight",35,2020,0,0
"Tucker_Carlson_Tonight",36,2020,0,0
"Tucker_Carlson_Tonight",37,2020,1,0
"Tucker_Carlson_Tonight",38,2020,5,2
"Tucker_Carlson_Tonight",40,2020,0,0
"Tucker_Carlson_Tonight",41,2020,0,0
"Tucker_Carlson_Tonight",42,2020,0,0
"Tucker_Carlson_Tonight",44,2020,0,1
"Tucker_Carlson_Tonight",45,2020,0,0
"Tucker_Carlson_Tonight",47,2020,0,0
"Tucker_Carlson_Tonight",48,2020,3,17
"Tucker_Carlson_Tonight",49,2020,0,0
"Tucker_Carlson_Tonight",51,2020,0,5
"Tucker_Carlson_Tonight",52,2020,0,3
"Tucker_Carlson_Tonight",53,2020,0,0
"Watters_World",40,2020,0,0
"Your_World_With_Neil_Cavuto",10,2020,0,0
"Your_World_With_Neil_Cavuto",11,2020,0,0
"Your_World_With_Neil_Cavuto",12,2020,0,0
"Your_World_With_Neil_Cavuto",13,2020,0,0
"Your_World_With_Neil_Cavuto",14,2020,0,0
"Your_World_With_Neil_Cavuto",15,2020,0,3
"Your_World_With_Neil_Cavuto",16,2020,0,0
"Your_World_With_Neil_Cavuto",17,2020,0,0
"Your_World_With_Neil_Cavuto",18,2020,0,2
"Your_World_With_Neil_Cavuto",20,2020,0,0
"Your_World_With_Neil_Cavuto",23,2020,0,0
"Your_World_With_Neil_Cavuto",24,2020,0,0
"Your_World_With_Neil_Cavuto",25,2020,0,0
"Your_World_With_Neil_Cavuto",27,2020,0,2
"Your_World_With_Neil_Cavuto",28,2020,0,1
"Your_World_With_Neil_Cavuto",29,2020,0,1
"Your_World_With_Neil_Cavuto",30,2020,0,2
"Your_World_With_Neil_Cavuto",31,2020,0,2
"Your_World_With_Neil_Cavuto",32,2020,0,0
"Your_World_With_Neil_Cavuto",33,2020,0,0
"Your_World_With_Neil_Cavuto",34,2020,0,0
"Your_World_With_Neil_Cavuto",37,2020,0,1
"Your_World_With_Neil_Cavuto",40,2020,0,0
"Your_World_With_Neil_Cavuto",41,2020,0,0
"Your_World_With_Neil_Cavuto",44,2020,0,0
"Your_World_With_Neil_Cavuto",45,2020,0,0
"Your_World_With_Neil_Cavuto",46,2020,0,0
"Your_World_With_Neil_Cavuto",48,2020,0,0
"Your_World_With_Neil_Cavuto",49,2020,0,0
"Your_World_With_Neil_Cavuto",52,2020,0,0
"All_In_With_Chris_Hayes",9,2020,0,0
"All_In_With_Chris_Hayes",11,2020,0,0
"All_In_With_Chris_Hayes",12,2020,0,0
"All_In_With_Chris_Hayes",13,2020,0,0
"All_In_With_Chris_Hayes",14,2020,0,0
"All_In_With_Chris_Hayes",16,2020,0,0
"All_In_With_Chris_Hayes",17,2020,0,0
"All_In_With_Chris_Hayes",18,2020,0,2
"All_In_With_Chris_Hayes",19,2020,0,0
"All_In_With_Chris_Hayes",20,2020,0,10
"All_In_With_Chris_Hayes",21,2020,0,1
"All_In_With_Chris_Hayes",25,2020,0,0
"All_In_With_Chris_Hayes",27,2020,0,1
"All_In_With_Chris_Hayes",28,2020,0,0
"All_In_With_Chris_Hayes",29,2020,0,2
"All_In_With_Chris_Hayes",30,2020,0,1
"All_In_With_Chris_Hayes",31,2020,0,4
"All_In_With_Chris_Hayes",33,2020,0,0
"All_In_With_Chris_Hayes",34,2020,0,0
"All_In_With_Chris_Hayes",35,2020,0,0
"All_In_With_Chris_Hayes",37,2020,0,3
"All_In_With_Chris_Hayes",38,2020,0,4
"All_In_With_Chris_Hayes",39,2020,0,0
"All_In_With_Chris_Hayes",40,2020,0,0
"All_In_With_Chris_Hayes",41,2020,0,5
"All_In_With_Chris_Hayes",42,2020,0,0
"All_In_With_Chris_Hayes",43,2020,0,0
"All_In_With_Chris_Hayes",44,2020,0,0
"All_In_With_Chris_Hayes",45,2020,1,0
"All_In_With_Chris_Hayes",46,2020,1,1
"All_In_With_Chris_Hayes",47,2020,3,1
"All_In_With_Chris_Hayes",48,2020,0,1
"All_In_With_Chris_Hayes",49,2020,1,5
"All_In_With_Chris_Hayes",50,2020,0,0
"All_In_With_Chris_Hayes",51,2020,0,0
"All_In_With_Chris_Hayes",52,2020,0,0
"All_In_With_Chris_Hayes",53,2020,0,0
"AM_Joy",10,2020,0,0
"AM_Joy",12,2020,0,2
"AM_Joy",13,2020,0,1
"AM_Joy",14,2020,0,0
"AM_Joy",16,2020,0,3
"AM_Joy",17,2020,0,3
"AM_Joy",19,2020,0,0
"AM_Joy",20,2020,0,0
"AM_Joy",21,2020,0,0
"AM_Joy",22,2020,0,0
"AM_Joy",25,2020,0,0
"AM_Joy",28,2020,0,1
"AM_Joy",29,2020,0,0
"AM_Joy",30,2020,0,0
"AM_Joy",32,2020,0,1
"AM_Joy",35,2020,0,0
"AM_Joy",36,2020,0,0
"AM_Joy",40,2020,0,0
"AM_Joy",41,2020,0,0
"AM_Joy",43,2020,0,0
"AM_Joy",44,2020,0,0
"AM_Joy",47,2020,0,0
"AM_Joy",48,2020,0,0
"American_Voices_With_Alicia_Menendez",38,2020,0,0
"American_Voices_With_Alicia_Menendez",40,2020,0,0
"American_Voices_With_Alicia_Menendez",41,2020,0,0
"American_Voices_With_Alicia_Menendez",43,2020,0,0
"American_Voices_With_Alicia_Menendez",44,2020,0,0
"American_Voices_With_Alicia_Menendez",45,2020,0,1
"American_Voices_With_Alicia_Menendez",46,2020,0,2
"American_Voices_With_Alicia_Menendez",47,2020,0,1
"American_Voices_With_Alicia_Menendez",48,2020,0,5
"American_Voices_With_Alicia_Menendez",49,2020,0,0
"American_Voices_With_Alicia_Menendez",50,2020,0,1
"American_Voices_With_Alicia_Menendez",51,2020,0,0
"American_Voices_With_Alicia_Menendez",52,2020,0,0
"Andrea_Mitchell_Reports",13,2020,0,1
"Andrea_Mitchell_Reports",16,2020,0,1
"Andrea_Mitchell_Reports",17,2020,0,1
"Andrea_Mitchell_Reports",18,2020,0,2
"Andrea_Mitchell_Reports",19,2020,0,0
"Andrea_Mitchell_Reports",20,2020,0,7
"Andrea_Mitchell_Reports",21,2020,0,0
"Andrea_Mitchell_Reports",22,2020,0,0
"Andrea_Mitchell_Reports",24,2020,0,0
"Andrea_Mitchell_Reports",26,2020,0,8
"Andrea_Mitchell_Reports",27,2020,0,3
"Andrea_Mitchell_Reports",28,2020,0,4
"Andrea_Mitchell_Reports",29,2020,0,7
"Andrea_Mitchell_Reports",30,2020,0,0
"Andrea_Mitchell_Reports",31,2020,0,7
"Andrea_Mitchell_Reports",32,2020,0,2
"Andrea_Mitchell_Reports",33,2020,1,0
"Andrea_Mitchell_Reports",34,2020,0,0
"Andrea_Mitchell_Reports",36,2020,0,0
"Andrea_Mitchell_Reports",37,2020,0,1
"Andrea_Mitchell_Reports",38,2020,0,0
"Andrea_Mitchell_Reports",39,2020,1,0
"Andrea_Mitchell_Reports",40,2020,0,1
"Andrea_Mitchell_Reports",42,2020,0,0
"Andrea_Mitchell_Reports",43,2020,0,1
"Andrea_Mitchell_Reports",44,2020,0,1
"Andrea_Mitchell_Reports",45,2020,0,1
"Andrea_Mitchell_Reports",46,2020,0,1
"Andrea_Mitchell_Reports",47,2020,0,1
"Andrea_Mitchell_Reports",50,2020,0,1
"Andrea_Mitchell_Reports",51,2020,1,0
"Andrea_Mitchell_Reports",53,2020,0,1
"Dateline",14,2020,0,0
"Dateline",16,2020,0,0
"Dateline",17,2020,0,0
"Dateline",18,2020,0,0
"Dateline",19,2020,0,0
"Dateline",20,2020,0,0
"Dateline",23,2020,0,4
"Dateline",26,2020,0,0
"Dateline",27,2020,0,0
"Dateline",29,2020,0,0
"Dateline",30,2020,0,0
"Dateline",31,2020,0,0
"Dateline",33,2020,0,0
"Dateline",34,2020,0,0
"Dateline",40,2020,0,0
"Dateline",41,2020,0,0
"Dateline",43,2020,0,0
"Dateline",45,2020,0,0
"Dateline",46,2020,0,0
"Dateline",47,2020,0,0
"Dateline",48,2020,0,0
"Dateline",51,2020,0,0
"Dateline_Extra",14,2020,0,0
"Dateline_Extra",18,2020,0,0
"Dateline_Extra",19,2020,0,3
"Dateline_Extra",20,2020,0,4
"Dateline_Extra",23,2020,0,1
"Dateline_Extra",30,2020,0,0
"Dateline_Extra",31,2020,0,0
"Dateline_Extra",33,2020,0,0
"Dateline_Extra",40,2020,0,0
"Dateline_Extra",41,2020,0,0
"Dateline_Extra",44,2020,0,0
"Dateline_Extra",48,2020,0,0
"Dateline_Extra",52,2020,0,0
"Deadline_White_House",9,2020,0,2
"Deadline_White_House",14,2020,0,5
"Deadline_White_House",17,2020,0,7
"Deadline_White_House",19,2020,0,8
"Deadline_White_House",20,2020,0,0
"Deadline_White_House",21,2020,0,0
"Deadline_White_House",22,2020,0,1
"Deadline_White_House",23,2020,0,0
"Deadline_White_House",24,2020,0,2
"Deadline_White_House",25,2020,0,3
"Deadline_White_House",27,2020,0,0
"Deadline_White_House",29,2020,0,4
"Deadline_White_House",30,2020,0,6
"Deadline_White_House",31,2020,0,0
"Deadline_White_House",33,2020,0,1
"Deadline_White_House",34,2020,0,0
"Deadline_White_House",35,2020,3,1
"Deadline_White_House",36,2020,3,6
"Deadline_White_House",38,2020,0,0
"Deadline_White_House",39,2020,0,0
"Deadline_White_House",40,2020,0,2
"Deadline_White_House",41,2020,0,16
"Deadline_White_House",43,2020,0,0
"Deadline_White_House",44,2020,0,0
"Deadline_White_House",45,2020,0,0
"Deadline_White_House",46,2020,0,1
"Deadline_White_House",47,2020,0,0
"Deadline_White_House",49,2020,0,7
"Deadline_White_House",50,2020,0,9
"Deadline_White_House",52,2020,0,2
"Deadline_White_House",53,2020,0,1
"Debate_Analysis_on_MSNBC",40,2020,0,0
"Debate_Pre-Show_on_MSNBC",43,2020,0,1
"Decision_2020",11,2020,0,0
"Decision_2020",45,2020,0,0
"Decision_2020_Democratic_National_Convention",33,2020,0,0
"Decision_2020_Democratic_National_Convention",34,2020,0,0
"Decision_2020_Joe_Biden_Town_Hall",40,2020,0,0
"Decision_2020_Republican_National_Convention",34,2020,0,1
"Decision_2020_Republican_National_Convention",35,2020,0,0
"First_Look",10,2020,0,0
"First_Look",11,2020,0,1
"First_Look",12,2020,0,1
"First_Look",13,2020,0,1
"First_Look",14,2020,0,0
"First_Look",15,2020,0,2
"First_Look",16,2020,0,0
"First_Look",17,2020,0,5
"First_Look",18,2020,0,6
"First_Look",19,2020,0,5
"First_Look",20,2020,0,0
"First_Look",21,2020,0,0
"First_Look",22,2020,0,4
"First_Look",23,2020,0,0
"First_Look",24,2020,0,1
"First_Look",25,2020,0,4
"First_Look",26,2020,0,0
"First_Look",27,2020,0,4
"First_Look",28,2020,0,24
"First_Look",29,2020,0,3
"First_Look",30,2020,0,9
"First_Look",31,2020,0,9
"First_Look",32,2020,0,2
"First_Look",33,2020,0,0
"First_Look",34,2020,0,3
"First_Look",35,2020,0,0
"First_Look",36,2020,0,0
"First_Look",37,2020,0,2
"First_Look",38,2020,0,1
"Hardball_With_Chris_Matthews",10,2020,0,1
"Kasie_DC",14,2020,0,4
"Kasie_DC",16,2020,0,0
"Kasie_DC",17,2020,0,4
"Kasie_DC",18,2020,0,1
"Kasie_DC",20,2020,0,0
"Kasie_DC",21,2020,0,1
"Kasie_DC",28,2020,0,3
"Kasie_DC",29,2020,0,0
"Kasie_DC",30,2020,0,0
"Kasie_DC",31,2020,0,0
"Kasie_DC",32,2020,0,0
"Kasie_DC",33,2020,0,0
"Kasie_DC",35,2020,0,0
"Meet_the_Press",9,2020,0,0
"Meet_the_Press",10,2020,0,2
"Meet_the_Press",13,2020,0,1
"Meet_the_Press",14,2020,0,2
"Meet_the_Press",17,2020,0,0
"Meet_the_Press",19,2020,0,2
"Meet_the_Press",20,2020,0,2
"Meet_the_Press",25,2020,0,0
"Meet_the_Press",26,2020,0,1
"Meet_the_Press",27,2020,0,0
"Meet_the_Press",31,2020,0,0
"Meet_the_Press",32,2020,0,0
"Meet_the_Press",38,2020,0,0
"Meet_the_Press",41,2020,0,0
"Meet_the_Press",46,2020,0,0
"Meet_the_Press",51,2020,0,0
"Morning_Joe",9,2020,0,0
"Morning_Joe",11,2020,0,3
"Morning_Joe",12,2020,0,9
"Morning_Joe",14,2020,0,4
"Morning_Joe",15,2020,0,1
"Morning_Joe",17,2020,0,21
"Morning_Joe",18,2020,0,15
"Morning_Joe",19,2020,0,3
"Morning_Joe",20,2020,0,8
"Morning_Joe",21,2020,0,2
"Morning_Joe",22,2020,0,5
"Morning_Joe",23,2020,0,0
"Morning_Joe",24,2020,0,9
"Morning_Joe",25,2020,0,9
"Morning_Joe",26,2020,0,7
"Morning_Joe",27,2020,0,8
"Morning_Joe",28,2020,0,62
"Morning_Joe",29,2020,0,32
"Morning_Joe",30,2020,0,5
"Morning_Joe",31,2020,0,1
"Morning_Joe",32,2020,0,4
"Morning_Joe",33,2020,0,2
"Morning_Joe",34,2020,0,6
"Morning_Joe",35,2020,0,2
"Morning_Joe",36,2020,0,3
"Morning_Joe",37,2020,0,0
"Morning_Joe",38,2020,0,1
"Morning_Joe",39,2020,5,4
"Morning_Joe",40,2020,0,4
"Morning_Joe",41,2020,0,3
"Morning_Joe",42,2020,0,5
"Morning_Joe",43,2020,2,0
"Morning_Joe",44,2020,1,14
"Morning_Joe",45,2020,0,1
"Morning_Joe",46,2020,1,8
"Morning_Joe",47,2020,0,2
"Morning_Joe",48,2020,0,1
"Morning_Joe",49,2020,1,18
"Morning_Joe",50,2020,0,3
"Morning_Joe",51,2020,0,3
"Morning_Joe",52,2020,0,6
"Morning_Joe",53,2020,0,0
"MSNBC_Live",9,2020,0,1
"MSNBC_Live",10,2020,0,0
"MSNBC_Live",11,2020,0,0
"MSNBC_Live",12,2020,0,3
"MSNBC_Live",13,2020,0,4
"MSNBC_Live",14,2020,0,2
"MSNBC_Live",15,2020,0,1
"MSNBC_Live",16,2020,0,2
"MSNBC_Live",17,2020,0,6
"MSNBC_Live",18,2020,0,7
"MSNBC_Live",19,2020,0,32
"MSNBC_Live",20,2020,0,11
"MSNBC_Live",21,2020,0,3
"MSNBC_Live",22,2020,0,3
"MSNBC_Live",23,2020,0,0
"MSNBC_Live",24,2020,0,3
"MSNBC_Live",25,2020,0,9
"MSNBC_Live",26,2020,0,20
"MSNBC_Live",27,2020,0,4
"MSNBC_Live",28,2020,0,40
"MSNBC_Live",29,2020,0,22
"MSNBC_Live",30,2020,0,2
"MSNBC_Live",31,2020,0,13
"MSNBC_Live",32,2020,0,1
"MSNBC_Live",33,2020,1,2
"MSNBC_Live",34,2020,0,0
"MSNBC_Live",35,2020,0,0
"MSNBC_Live",36,2020,0,1
"MSNBC_Live",37,2020,0,4
"MSNBC_Live",48,2020,0,1
"MSNBC_Live",52,2020,0,2
"MSNBC_Live",53,2020,0,7
"MSNBC_Live_Decision_2020",11,2020,0,6
"MSNBC_Live_Decision_2020",16,2020,0,3
"MSNBC_Live_Decision_2020",17,2020,0,7
"MSNBC_Live_Decision_2020",18,2020,0,1
"MSNBC_Live_Decision_2020",20,2020,0,3
"MSNBC_Live_Decision_2020",24,2020,0,0
"MSNBC_Live_Decision_2020",26,2020,0,1
"MSNBC_Live_Decision_2020",27,2020,0,1
"MSNBC_Live_Decision_2020",28,2020,0,2
"MSNBC_Live_Decision_2020",29,2020,0,0
"MSNBC_Live_With_Ali_Velshi",9,2020,0,4
"MSNBC_Live_With_Ali_Velshi",12,2020,0,1
"MSNBC_Live_With_Ali_Velshi",13,2020,0,0
"MSNBC_Live_With_Ali_Velshi",14,2020,0,2
"MSNBC_Live_With_Ali_Velshi",15,2020,0,0
"MSNBC_Live_With_Ali_Velshi",16,2020,0,6
"MSNBC_Live_With_Ali_Velshi",17,2020,0,2
"MSNBC_Live_With_Ali_Velshi",18,2020,0,0
"MSNBC_Live_With_Alicia_Menendez",12,2020,0,2
"MSNBC_Live_With_Alicia_Menendez",13,2020,0,0
"MSNBC_Live_With_Ayman_Mohyeldin",33,2020,0,0
"MSNBC_Live_With_Ayman_Mohyeldin",34,2020,0,0
"MSNBC_Live_With_Ayman_Mohyeldin",35,2020,0,0
"MSNBC_Live_With_Ayman_Mohyeldin",36,2020,0,4
"MSNBC_Live_With_Ayman_Mohyeldin",37,2020,0,0
"MSNBC_Live_With_Ayman_Mohyeldin",38,2020,0,1
"MSNBC_Live_With_Ayman_Mohyeldin",39,2020,1,3
"MSNBC_Live_With_Ayman_Mohyeldin",40,2020,0,4
"MSNBC_Live_With_Ayman_Mohyeldin",41,2020,0,0
"MSNBC_Live_With_Ayman_Mohyeldin",42,2020,4,6
"MSNBC_Live_With_Ayman_Mohyeldin",43,2020,0,3
"MSNBC_Live_With_Ayman_Mohyeldin",44,2020,0,0
"MSNBC_Live_With_Ayman_Mohyeldin",46,2020,0,2
"MSNBC_Live_With_Ayman_Mohyeldin",47,2020,0,1
"MSNBC_Live_With_Ayman_Mohyeldin",48,2020,0,0
"MSNBC_Live_With_Ayman_Mohyeldin",49,2020,0,2
"MSNBC_Live_With_Ayman_Mohyeldin",50,2020,0,1
"MSNBC_Live_With_Ayman_Mohyeldin",51,2020,0,2
"MSNBC_Live_With_Ayman_Mohyeldin",52,2020,0,1
"MSNBC_Live_With_Craig_Melvin",9,2020,0,0
"MSNBC_Live_With_Craig_Melvin",11,2020,0,3
"MSNBC_Live_With_Craig_Melvin",13,2020,0,0
"MSNBC_Live_With_Craig_Melvin",16,2020,0,0
"MSNBC_Live_With_Craig_Melvin",17,2020,0,0
"MSNBC_Live_With_Craig_Melvin",18,2020,0,1
"MSNBC_Live_With_Craig_Melvin",19,2020,0,8
"MSNBC_Live_With_Craig_Melvin",20,2020,0,0
"MSNBC_Live_With_Craig_Melvin",21,2020,0,0
"MSNBC_Live_With_Craig_Melvin",22,2020,0,0
"MSNBC_Live_With_Craig_Melvin",23,2020,0,0
"MSNBC_Live_With_Craig_Melvin",24,2020,0,0
"MSNBC_Live_With_Craig_Melvin",25,2020,0,0
"MSNBC_Live_With_Craig_Melvin",26,2020,0,6
"MSNBC_Live_With_Craig_Melvin",27,2020,0,1
"MSNBC_Live_With_Craig_Melvin",28,2020,0,8
"MSNBC_Live_With_Craig_Melvin",29,2020,0,5
"MSNBC_Live_With_Craig_Melvin",30,2020,0,0
"MSNBC_Live_With_Craig_Melvin",31,2020,0,1
"MSNBC_Live_With_Craig_Melvin",32,2020,0,1
"MSNBC_Live_With_Craig_Melvin",33,2020,0,0
"MSNBC_Live_With_Craig_Melvin",35,2020,0,0
"MSNBC_Live_With_Craig_Melvin",36,2020,0,0
"MSNBC_Live_With_Craig_Melvin",37,2020,0,1
"MSNBC_Live_With_Craig_Melvin",38,2020,0,0
"MSNBC_Live_With_Craig_Melvin",39,2020,0,3
"MSNBC_Live_With_Craig_Melvin",40,2020,0,2
"MSNBC_Live_With_Craig_Melvin",43,2020,0,0
"MSNBC_Live_With_Craig_Melvin",45,2020,0,0
"MSNBC_Live_With_Craig_Melvin",46,2020,0,2
"MSNBC_Live_With_Craig_Melvin",47,2020,0,0
"MSNBC_Live_With_Craig_Melvin",48,2020,0,1
"MSNBC_Live_With_Craig_Melvin",49,2020,0,6
"MSNBC_Live_With_Craig_Melvin",50,2020,0,0
"MSNBC_Live_With_Craig_Melvin",51,2020,1,0
"MSNBC_Live_With_Craig_Melvin",52,2020,0,0
"MSNBC_Live_with_David_Gura",12,2020,0,4
"MSNBC_Live_with_David_Gura",14,2020,0,1
"MSNBC_Live_With_Hallie_Jackson",13,2020,0,3
"MSNBC_Live_With_Hallie_Jackson",16,2020,0,1
"MSNBC_Live_With_Hallie_Jackson",17,2020,0,1
"MSNBC_Live_With_Hallie_Jackson",18,2020,0,5
"MSNBC_Live_With_Hallie_Jackson",19,2020,0,0
"MSNBC_Live_With_Hallie_Jackson",20,2020,0,0
"MSNBC_Live_With_Hallie_Jackson",21,2020,0,1
"MSNBC_Live_With_Hallie_Jackson",22,2020,0,0
"MSNBC_Live_With_Hallie_Jackson",24,2020,0,0
"MSNBC_Live_With_Hallie_Jackson",25,2020,0,1
"MSNBC_Live_With_Hallie_Jackson",26,2020,0,15
"MSNBC_Live_With_Hallie_Jackson",27,2020,0,2
"MSNBC_Live_With_Hallie_Jackson",28,2020,0,11
"MSNBC_Live_With_Hallie_Jackson",29,2020,0,0
"MSNBC_Live_With_Hallie_Jackson",30,2020,0,1
"MSNBC_Live_With_Hallie_Jackson",31,2020,0,10
"MSNBC_Live_With_Hallie_Jackson",32,2020,0,0
"MSNBC_Live_With_Hallie_Jackson",33,2020,0,0
"MSNBC_Live_With_Hallie_Jackson",34,2020,0,0
"MSNBC_Live_With_Hallie_Jackson",35,2020,0,1
"MSNBC_Live_With_Hallie_Jackson",36,2020,0,4
"MSNBC_Live_With_Hallie_Jackson",37,2020,0,1
"MSNBC_Live_With_Hallie_Jackson",38,2020,0,0
"MSNBC_Live_With_Hallie_Jackson",39,2020,0,0
"MSNBC_Live_With_Hallie_Jackson",40,2020,0,1
"MSNBC_Live_With_Hallie_Jackson",43,2020,0,0
"MSNBC_Live_With_Hallie_Jackson",46,2020,0,4
"MSNBC_Live_With_Hallie_Jackson",47,2020,0,0
"MSNBC_Live_With_Hallie_Jackson",48,2020,0,1
"MSNBC_Live_With_Hallie_Jackson",49,2020,0,1
"MSNBC_Live_With_Hallie_Jackson",50,2020,0,0
"MSNBC_Live_With_Katy_Tur",11,2020,0,0
"MSNBC_Live_With_Katy_Tur",12,2020,0,0
"MSNBC_Live_With_Katy_Tur",13,2020,0,2
"MSNBC_Live_With_Katy_Tur",14,2020,0,2
"MSNBC_Live_With_Katy_Tur",17,2020,0,0
"MSNBC_Live_With_Katy_Tur",18,2020,0,1
"MSNBC_Live_With_Katy_Tur",33,2020,0,0
"MSNBC_Live_With_Katy_Tur",34,2020,0,1
"MSNBC_Live_With_Katy_Tur",35,2020,0,0
"MSNBC_Live_With_Katy_Tur",36,2020,0,0
"MSNBC_Live_With_Katy_Tur",37,2020,0,5
"MSNBC_Live_With_Katy_Tur",38,2020,0,0
"MSNBC_Live_With_Katy_Tur",40,2020,0,3
"MSNBC_Live_With_Katy_Tur",41,2020,0,1
"MSNBC_Live_With_Katy_Tur",42,2020,0,0
"MSNBC_Live_With_Katy_Tur",43,2020,0,1
"MSNBC_Live_With_Katy_Tur",44,2020,0,0
"MSNBC_Live_With_Katy_Tur",46,2020,1,0
"MSNBC_Live_With_Katy_Tur",47,2020,0,0
"MSNBC_Live_With_Katy_Tur",49,2020,0,2
"MSNBC_Live_With_Katy_Tur",50,2020,0,0
"MSNBC_Live_With_Katy_Tur",51,2020,0,0
"MSNBC_Live_With_Katy_Tur",52,2020,0,0
"MSNBC_Live_With_Kendis_Gibson_and_Lindsey_Reiser",38,2020,0,0
"MSNBC_Live_With_Kendis_Gibson_and_Lindsey_Reiser",39,2020,0,2
"MSNBC_Live_With_Kendis_Gibson_and_Lindsey_Reiser",40,2020,0,0
"MSNBC_Live_With_Kendis_Gibson_and_Lindsey_Reiser",41,2020,0,2
"MSNBC_Live_With_Kendis_Gibson_and_Lindsey_Reiser",43,2020,0,1
"MSNBC_Live_With_Kendis_Gibson_and_Lindsey_Reiser",44,2020,0,0
"MSNBC_Live_With_Kendis_Gibson_and_Lindsey_Reiser",45,2020,0,1
"MSNBC_Live_With_Kendis_Gibson_and_Lindsey_Reiser",46,2020,0,0
"MSNBC_Live_With_Kendis_Gibson_and_Lindsey_Reiser",47,2020,0,1
"MSNBC_Live_With_Kendis_Gibson_and_Lindsey_Reiser",48,2020,0,0
"MSNBC_Live_With_Kendis_Gibson_and_Lindsey_Reiser",51,2020,0,0
"MSNBC_Live_With_Kendis_Gibson_and_Lindsey_Reiser",52,2020,0,0
"MSNBC_Live_With_Stephanie_Ruhle",12,2020,0,0
"MSNBC_Live_With_Stephanie_Ruhle",15,2020,0,0
"MSNBC_Live_With_Stephanie_Ruhle",17,2020,0,1
"MSNBC_Live_With_Stephanie_Ruhle",20,2020,0,0
"MSNBC_Live_With_Stephanie_Ruhle",21,2020,0,0
"MSNBC_Live_With_Stephanie_Ruhle",22,2020,0,0
"MSNBC_Live_With_Stephanie_Ruhle",24,2020,0,0
"MSNBC_Live_With_Stephanie_Ruhle",25,2020,0,0
"MSNBC_Live_With_Stephanie_Ruhle",26,2020,0,2
"MSNBC_Live_With_Stephanie_Ruhle",27,2020,0,6
"MSNBC_Live_With_Stephanie_Ruhle",28,2020,0,0
"MSNBC_Live_With_Stephanie_Ruhle",30,2020,0,1
"MSNBC_Live_With_Stephanie_Ruhle",32,2020,0,0
"MSNBC_Live_With_Stephanie_Ruhle",33,2020,0,0
"MSNBC_Live_With_Stephanie_Ruhle",34,2020,0,0
"MSNBC_Live_With_Stephanie_Ruhle",35,2020,4,0
"MSNBC_Live_With_Stephanie_Ruhle",36,2020,0,2
"MSNBC_Live_With_Stephanie_Ruhle",37,2020,0,0
"MSNBC_Live_With_Stephanie_Ruhle",39,2020,2,2
"MSNBC_Live_With_Stephanie_Ruhle",40,2020,0,2
"MSNBC_Live_With_Stephanie_Ruhle",41,2020,0,1
"MSNBC_Live_With_Stephanie_Ruhle",42,2020,0,2
"MSNBC_Live_With_Stephanie_Ruhle",43,2020,0,0
"MSNBC_Live_With_Stephanie_Ruhle",44,2020,0,1
"MSNBC_Live_With_Stephanie_Ruhle",45,2020,0,0
"MSNBC_Live_With_Stephanie_Ruhle",46,2020,0,1
"MSNBC_Live_With_Stephanie_Ruhle",47,2020,0,0
"MSNBC_Live_With_Stephanie_Ruhle",48,2020,0,1
"MSNBC_Live_With_Stephanie_Ruhle",49,2020,0,4
"MSNBC_Live_With_Stephanie_Ruhle",50,2020,0,0
"MSNBC_Live_With_Stephanie_Ruhle",51,2020,0,4
"MSNBC_Live_With_Stephanie_Ruhle",52,2020,0,3
"MSNBC_Live_With_Stephanie_Ruhle",53,2020,0,0
"MSNBC_Live_with_Velshi_and_Ruhle",11,2020,0,1
"MSNBC_Live_with_Velshi_and_Ruhle",12,2020,0,0
"MSNBC_Live_with_Velshi_and_Ruhle",13,2020,0,3
"MSNBC_Live_with_Velshi_and_Ruhle",16,2020,0,1
"MSNBC_Live_with_Velshi_and_Ruhle",17,2020,0,1
"MSNBC_Live_with_Yasmin_Vossoughian",38,2020,0,0
"MSNBC_Live_with_Yasmin_Vossoughian",40,2020,0,0
"MSNBC_Live_with_Yasmin_Vossoughian",41,2020,0,5
"MSNBC_Live_with_Yasmin_Vossoughian",43,2020,0,0
"MSNBC_Live_with_Yasmin_Vossoughian",45,2020,0,0
"MSNBC_Live_with_Yasmin_Vossoughian",46,2020,0,1
"MSNBC_Live_with_Yasmin_Vossoughian",47,2020,0,0
"MSNBC_Live_with_Yasmin_Vossoughian",48,2020,0,0
"MSNBC_Live_with_Yasmin_Vossoughian",49,2020,0,0
"MSNBC_Live_with_Yasmin_Vossoughian",50,2020,0,0
"MSNBC_Live_with_Yasmin_Vossoughian",51,2020,0,0
"MSNBC_Live_with_Yasmin_Vossoughian",52,2020,0,0
"MSNBC_Specials",37,2020,0,0
"MSNBC_Specials",39,2020,0,0
"MTP_Daily",9,2020,0,1
"MTP_Daily",10,2020,0,4
"MTP_Daily",13,2020,0,0
"MTP_Daily",16,2020,0,2
"MTP_Daily",17,2020,0,0
"MTP_Daily",18,2020,0,2
"MTP_Daily",19,2020,0,0
"MTP_Daily",20,2020,0,2
"MTP_Daily",21,2020,0,0
"MTP_Daily",22,2020,0,0
"MTP_Daily",25,2020,0,4
"MTP_Daily",26,2020,0,0
"MTP_Daily",30,2020,0,0
"MTP_Daily",31,2020,0,1
"MTP_Daily",34,2020,0,0
"MTP_Daily",35,2020,0,0
"MTP_Daily",36,2020,0,3
"MTP_Daily",40,2020,0,10
"MTP_Daily",42,2020,0,0
"MTP_Daily",43,2020,0,0
"MTP_Daily",46,2020,0,1
"MTP_Daily",47,2020,1,0
"MTP_Daily",49,2020,0,2
"MTP_Daily",50,2020,0,0
"MTP_Daily",51,2020,0,0
"NBC_News_Special_Report_Coronavirus_Pandemic",12,2020,0,1
"NBC_News_Special_Report_Coronavirus_Pandemic",14,2020,0,4
"NBC_News_Special_Report_Coronavirus_Pandemic",15,2020,0,0
"On_Assignment_With_Richard_Engel",16,2020,0,0
"On_Assignment_With_Richard_Engel",40,2020,0,0
"On_Assignment_With_Richard_Engel",46,2020,0,0
"On_Assignment_With_Richard_Engel",47,2020,0,0
"On_Assignment_With_Richard_Engel",48,2020,0,0
"One_World_Together_at_Home",16,2020,0,0
"PoliticsNation",9,2020,0,0
"PoliticsNation",10,2020,0,0
"PoliticsNation",12,2020,0,1
"PoliticsNation",13,2020,0,0
"PoliticsNation",14,2020,0,0
"PoliticsNation",16,2020,0,0
"PoliticsNation",17,2020,0,0
"PoliticsNation",18,2020,0,0
"PoliticsNation",20,2020,0,0
"PoliticsNation",22,2020,0,0
"PoliticsNation",26,2020,0,0
"PoliticsNation",30,2020,0,0
"PoliticsNation",31,2020,0,0
"PoliticsNation",35,2020,0,0
"PoliticsNation",36,2020,0,0
"PoliticsNation",37,2020,0,0
"PoliticsNation",44,2020,0,0
"PoliticsNation",45,2020,0,0
"PoliticsNation",46,2020,0,0
"PoliticsNation",48,2020,0,0
"PoliticsNation",50,2020,0,1
"PoliticsNation",51,2020,0,1
"PoliticsNation",52,2020,0,0
"Presidential_Debate_on_MSNBC",40,2020,0,0
"Presidential_Debate_on_MSNBC",43,2020,0,1
"Red_White__Who",12,2020,0,1
"Richard_Engel_on_Assignment",10,2020,0,1
"South_Carolina_Primary_Decision_2020",9,2020,0,2
"Super_Tuesday_Decision_2020",9,2020,0,2
"The_11th_Hour_With_Brian_Williams",11,2020,0,1
"The_11th_Hour_With_Brian_Williams",12,2020,0,1
"The_11th_Hour_With_Brian_Williams",13,2020,0,0
"The_11th_Hour_With_Brian_Williams",17,2020,0,2
"The_11th_Hour_With_Brian_Williams",18,2020,0,10
"The_11th_Hour_With_Brian_Williams",19,2020,0,0
"The_11th_Hour_With_Brian_Williams",20,2020,0,0
"The_11th_Hour_With_Brian_Williams",21,2020,0,0
"The_11th_Hour_With_Brian_Williams",23,2020,0,0
"The_11th_Hour_With_Brian_Williams",24,2020,0,0
"The_11th_Hour_With_Brian_Williams",25,2020,0,7
"The_11th_Hour_With_Brian_Williams",26,2020,0,3
"The_11th_Hour_With_Brian_Williams",27,2020,0,10
"The_11th_Hour_With_Brian_Williams",28,2020,0,14
"The_11th_Hour_With_Brian_Williams",29,2020,0,28
"The_11th_Hour_With_Brian_Williams",30,2020,0,1
"The_11th_Hour_With_Brian_Williams",31,2020,0,2
"The_11th_Hour_With_Brian_Williams",32,2020,3,0
"The_11th_Hour_With_Brian_Williams",36,2020,0,1
"The_11th_Hour_With_Brian_Williams",37,2020,0,1
"The_11th_Hour_With_Brian_Williams",38,2020,0,3
"The_11th_Hour_With_Brian_Williams",39,2020,0,0
"The_11th_Hour_With_Brian_Williams",40,2020,0,2
"The_11th_Hour_With_Brian_Williams",41,2020,0,0
"The_11th_Hour_With_Brian_Williams",43,2020,0,0
"The_11th_Hour_With_Brian_Williams",44,2020,1,2
"The_11th_Hour_With_Brian_Williams",45,2020,0,1
"The_11th_Hour_With_Brian_Williams",46,2020,1,1
"The_11th_Hour_With_Brian_Williams",47,2020,0,4
"The_11th_Hour_With_Brian_Williams",49,2020,0,2
"The_11th_Hour_With_Brian_Williams",50,2020,0,0
"The_11th_Hour_With_Brian_Williams",51,2020,0,3
"The_11th_Hour_With_Brian_Williams",52,2020,0,1
"The_11th_Hour_With_Brian_Williams",53,2020,0,2
"The_Beat_With_Ari_Melber",11,2020,0,2
"The_Beat_With_Ari_Melber",14,2020,0,2
"The_Beat_With_Ari_Melber",16,2020,0,1
"The_Beat_With_Ari_Melber",17,2020,0,1
"The_Beat_With_Ari_Melber",19,2020,0,0
"The_Beat_With_Ari_Melber",20,2020,0,2
"The_Beat_With_Ari_Melber",21,2020,0,0
"The_Beat_With_Ari_Melber",24,2020,0,0
"The_Beat_With_Ari_Melber",26,2020,0,0
"The_Beat_With_Ari_Melber",27,2020,0,0
"The_Beat_With_Ari_Melber",28,2020,0,3
"The_Beat_With_Ari_Melber",31,2020,0,0
"The_Beat_With_Ari_Melber",37,2020,0,1
"The_Beat_With_Ari_Melber",40,2020,0,0
"The_Beat_With_Ari_Melber",41,2020,0,0
"The_Beat_With_Ari_Melber",43,2020,0,1
"The_Beat_With_Ari_Melber",45,2020,0,0
"The_Beat_With_Ari_Melber",51,2020,0,5
"The_Beat_With_Ari_Melber",52,2020,0,0
"The_Last_Word_With_Lawrence_ODonnell",11,2020,0,0
"The_Last_Word_With_Lawrence_ODonnell",12,2020,0,1
"The_Last_Word_With_Lawrence_ODonnell",13,2020,0,0
"The_Last_Word_With_Lawrence_ODonnell",14,2020,0,0
"The_Last_Word_With_Lawrence_ODonnell",16,2020,0,1
"The_Last_Word_With_Lawrence_ODonnell",17,2020,0,4
"The_Last_Word_With_Lawrence_ODonnell",18,2020,0,27
"The_Last_Word_With_Lawrence_ODonnell",19,2020,0,1
"The_Last_Word_With_Lawrence_ODonnell",20,2020,0,8
"The_Last_Word_With_Lawrence_ODonnell",21,2020,0,0
"The_Last_Word_With_Lawrence_ODonnell",22,2020,0,1
"The_Last_Word_With_Lawrence_ODonnell",23,2020,0,0
"The_Last_Word_With_Lawrence_ODonnell",24,2020,0,0
"The_Last_Word_With_Lawrence_ODonnell",25,2020,0,0
"The_Last_Word_With_Lawrence_ODonnell",26,2020,0,4
"The_Last_Word_With_Lawrence_ODonnell",27,2020,0,3
"The_Last_Word_With_Lawrence_ODonnell",28,2020,0,12
"The_Last_Word_With_Lawrence_ODonnell",30,2020,0,2
"The_Last_Word_With_Lawrence_ODonnell",31,2020,0,2
"The_Last_Word_With_Lawrence_ODonnell",32,2020,0,0
"The_Last_Word_With_Lawrence_ODonnell",33,2020,0,0
"The_Last_Word_With_Lawrence_ODonnell",35,2020,0,0
"The_Last_Word_With_Lawrence_ODonnell",36,2020,0,0
"The_Last_Word_With_Lawrence_ODonnell",37,2020,0,2
"The_Last_Word_With_Lawrence_ODonnell",38,2020,0,1
"The_Last_Word_With_Lawrence_ODonnell",39,2020,0,0
"The_Last_Word_With_Lawrence_ODonnell",40,2020,0,2
"The_Last_Word_With_Lawrence_ODonnell",41,2020,0,19
"The_Last_Word_With_Lawrence_ODonnell",43,2020,0,1
"The_Last_Word_With_Lawrence_ODonnell",44,2020,0,0
"The_Last_Word_With_Lawrence_ODonnell",46,2020,0,0
"The_Last_Word_With_Lawrence_ODonnell",47,2020,0,0
"The_Last_Word_With_Lawrence_ODonnell",48,2020,0,1
"The_Last_Word_With_Lawrence_ODonnell",49,2020,0,0
"The_Last_Word_With_Lawrence_ODonnell",50,2020,0,0
"The_Last_Word_With_Lawrence_ODonnell",51,2020,1,1
"The_Last_Word_With_Lawrence_ODonnell",52,2020,0,0
"The_Rachel_Maddow_Show",9,2020,0,0
"The_Rachel_Maddow_Show",11,2020,0,0
"The_Rachel_Maddow_Show",12,2020,0,3
"The_Rachel_Maddow_Show",13,2020,0,1
"The_Rachel_Maddow_Show",14,2020,0,1
"The_Rachel_Maddow_Show",16,2020,0,0
"The_Rachel_Maddow_Show",17,2020,0,1
"The_Rachel_Maddow_Show",18,2020,0,6
"The_Rachel_Maddow_Show",19,2020,0,2
"The_Rachel_Maddow_Show",20,2020,0,0
"The_Rachel_Maddow_Show",21,2020,0,0
"The_Rachel_Maddow_Show",22,2020,0,1
"The_Rachel_Maddow_Show",23,2020,0,0
"The_Rachel_Maddow_Show",24,2020,0,0
"The_Rachel_Maddow_Show",25,2020,0,0
"The_Rachel_Maddow_Show",26,2020,0,0
"The_Rachel_Maddow_Show",27,2020,0,1
"The_Rachel_Maddow_Show",28,2020,0,6
"The_Rachel_Maddow_Show",29,2020,0,0
"The_Rachel_Maddow_Show",30,2020,0,1
"The_Rachel_Maddow_Show",31,2020,0,4
"The_Rachel_Maddow_Show",32,2020,0,0
"The_Rachel_Maddow_Show",35,2020,0,0
"The_Rachel_Maddow_Show",36,2020,4,0
"The_Rachel_Maddow_Show",37,2020,0,3
"The_Rachel_Maddow_Show",38,2020,0,0
"The_Rachel_Maddow_Show",39,2020,1,3
"The_Rachel_Maddow_Show",40,2020,0,0
"The_Rachel_Maddow_Show",41,2020,0,15
"The_Rachel_Maddow_Show",42,2020,0,0
"The_Rachel_Maddow_Show",43,2020,0,0
"The_Rachel_Maddow_Show",44,2020,0,1
"The_Rachel_Maddow_Show",45,2020,0,0
"The_Rachel_Maddow_Show",46,2020,0,0
"The_Rachel_Maddow_Show",47,2020,0,0
"The_Rachel_Maddow_Show",49,2020,0,0
"The_Rachel_Maddow_Show",50,2020,0,0
"The_Rachel_Maddow_Show",51,2020,0,2
"The_Rachel_Maddow_Show",52,2020,0,0
"The_ReidOut",30,2020,0,0
"The_ReidOut",31,2020,0,0
"The_ReidOut",35,2020,0,0
"The_ReidOut",36,2020,0,0
"The_ReidOut",37,2020,0,1
"The_ReidOut",39,2020,0,0
"The_ReidOut",40,2020,0,0
"The_ReidOut",41,2020,0,2
"The_ReidOut",42,2020,1,1
"The_ReidOut",43,2020,0,0
"The_ReidOut",44,2020,0,0
"The_ReidOut",45,2020,0,0
"The_ReidOut",46,2020,0,0
"The_ReidOut",49,2020,2,1
"The_ReidOut",50,2020,0,0
"The_ReidOut",53,2020,0,0
"The_Sunday_Show_with_Jonathan_Capehart",50,2020,0,0
"The_Sunday_Show_with_Jonathan_Capehart",51,2020,0,0
"The_Week_With_Joshua_Johnson",38,2020,0,0
"The_Week_With_Joshua_Johnson",39,2020,1,2
"The_Week_With_Joshua_Johnson",40,2020,0,0
"The_Week_With_Joshua_Johnson",41,2020,0,11
"The_Week_With_Joshua_Johnson",43,2020,0,0
"The_Week_With_Joshua_Johnson",44,2020,0,0
"The_Week_With_Joshua_Johnson",45,2020,0,0
"The_Week_With_Joshua_Johnson",46,2020,0,2
"The_Week_With_Joshua_Johnson",47,2020,0,0
"The_Week_With_Joshua_Johnson",49,2020,0,1
"The_Week_With_Joshua_Johnson",50,2020,0,0
"The_Week_With_Joshua_Johnson",51,2020,0,0
"Velshi",9,2020,0,0
"Velshi",10,2020,0,0
"Velshi",11,2020,0,0
"Velshi",12,2020,0,0
"Velshi",13,2020,0,0
"Velshi",14,2020,0,1
"Velshi",15,2020,0,1
"Velshi",16,2020,0,0
"Velshi",17,2020,0,1
"Velshi",18,2020,0,9
"Velshi",19,2020,0,3
"Velshi",20,2020,0,0
"Velshi",21,2020,0,0
"Velshi",22,2020,0,0
"Velshi",23,2020,0,0
"Velshi",25,2020,0,2
"Velshi",27,2020,0,0
"Velshi",28,2020,0,2
"Velshi",29,2020,0,0
"Velshi",30,2020,0,0
"Velshi",31,2020,0,0
"Velshi",32,2020,0,0
"Velshi",34,2020,0,0
"Velshi",35,2020,0,1
"Velshi",36,2020,2,0
"Velshi",37,2020,0,0
"Velshi",40,2020,0,0
"Velshi",41,2020,0,2
"Velshi",43,2020,0,2
"Velshi",44,2020,0,1
"Velshi",45,2020,0,0
"Velshi",46,2020,0,2
"Velshi",47,2020,0,0
"Velshi",48,2020,0,1
"Velshi",49,2020,0,0
"Velshi",50,2020,0,0
"Velshi",51,2020,0,3
"Velshi",52,2020,0,0
"Vice_Presidential_Debate_on_MSNBC",41,2020,0,3
"VP_Debate_Analysis_on_MSNBC",41,2020,0,0
"VP_Debate_Pre-Show_on_MSNBC",41,2020,0,0
"Way_Too_Early_With_Kasie_Hunt",37,2020,0,0
"Way_Too_Early_With_Kasie_Hunt",38,2020,0,0
"Way_Too_Early_With_Kasie_Hunt",39,2020,0,2
"Way_Too_Early_With_Kasie_Hunt",40,2020,0,0
"Way_Too_Early_With_Kasie_Hunt",41,2020,0,3
"Way_Too_Early_With_Kasie_Hunt",42,2020,0,1
"Way_Too_Early_With_Kasie_Hunt",43,2020,0,0
"Way_Too_Early_With_Kasie_Hunt",44,2020,0,0
"Way_Too_Early_With_Kasie_Hunt",45,2020,0,1
"Way_Too_Early_With_Kasie_Hunt",46,2020,3,2
"Way_Too_Early_With_Kasie_Hunt",47,2020,0,0
"Way_Too_Early_With_Kasie_Hunt",48,2020,0,2
"Way_Too_Early_With_Kasie_Hunt",49,2020,0,1
"Way_Too_Early_With_Kasie_Hunt",50,2020,0,2
"Way_Too_Early_With_Kasie_Hunt",51,2020,0,1
"Way_Too_Early_With_Kasie_Hunt",52,2020,0,3
"Weekends_With_Alex_Witt",10,2020,0,0
"Weekends_With_Alex_Witt",12,2020,0,1
"Weekends_With_Alex_Witt",13,2020,0,2
"Weekends_With_Alex_Witt",14,2020,0,0
"Weekends_With_Alex_Witt",16,2020,0,0
"Weekends_With_Alex_Witt",17,2020,0,2
"Weekends_With_Alex_Witt",20,2020,1,2
"Weekends_With_Alex_Witt",21,2020,0,0
"Weekends_With_Alex_Witt",22,2020,0,0
"Weekends_With_Alex_Witt",26,2020,0,1
"Weekends_With_Alex_Witt",27,2020,0,2
"Weekends_With_Alex_Witt",28,2020,0,0
"Weekends_With_Alex_Witt",29,2020,0,0
"Weekends_With_Alex_Witt",30,2020,0,1
"Weekends_With_Alex_Witt",31,2020,0,2
"Weekends_With_Alex_Witt",33,2020,0,0
"Weekends_With_Alex_Witt",34,2020,0,0
"Weekends_With_Alex_Witt",35,2020,0,0
"Weekends_With_Alex_Witt",37,2020,0,0
"Weekends_With_Alex_Witt",38,2020,0,0
"Weekends_With_Alex_Witt",39,2020,0,0
"Weekends_With_Alex_Witt",40,2020,0,0
"Weekends_With_Alex_Witt",41,2020,0,2
"Weekends_With_Alex_Witt",43,2020,0,0
"Weekends_With_Alex_Witt",44,2020,1,0
"Weekends_With_Alex_Witt",45,2020,0,2
"Weekends_With_Alex_Witt",47,2020,0,0
"Weekends_With_Alex_Witt",48,2020,0,1
"Weekends_With_Alex_Witt",49,2020,0,0
"Weekends_With_Alex_Witt",50,2020,0,0
"Weekends_With_Alex_Witt",52,2020,0,1
"Whats_Eating_America_With_Andrew_Zimmern",27,2020,0,0
